0 verbose cli C:\Program Files\nodejs\node.exe C:\Program Files\nodejs\node_modules\npm\bin\npm-cli.js
1 info using npm@10.9.3
2 info using node@v22.18.0
3 silly config load:file:C:\Program Files\nodejs\node_modules\npm\npmrc
4 silly config load:file:C:\Users\CASH\projects\soko\.npmrc
5 silly config load:file:C:\Users\CASH\.npmrc
6 silly config load:file:C:\Users\CASH\projects\soko\%APPDATA%\npm\etc\npmrc
7 verbose title npm install prisma @prisma/client next-auth @auth/prisma-adapter bcryptjs
8 verbose argv "install" "prisma" "@prisma/client" "next-auth" "@auth/prisma-adapter" "bcryptjs"
9 verbose logfile logs-max:10 dir:C:\Users\CASH\projects\soko\%APPDATA%\npm-cache\_logs\2026-05-17T22_34_32_180Z-
10 verbose logfile C:\Users\CASH\projects\soko\%APPDATA%\npm-cache\_logs\2026-05-17T22_34_32_180Z-debug-0.log
11 silly logfile done cleaning log files
12 silly packumentCache heap:2197815296 maxSize:549453824 maxEntrySize:274726912
13 silly idealTree buildDeps
14 silly fetch manifest prisma@*
15 silly packumentCache full:https://registry.npmjs.org/prisma cache-miss
16 http fetch GET 200 https://registry.npmjs.org/npm 1624ms
17 http fetch GET 200 https://registry.npmjs.org/prisma 3109ms (cache miss)
18 silly packumentCache full:https://registry.npmjs.org/prisma set size:undefined disposed:false
19 silly fetch manifest better-sqlite3@>=9.0.0
20 silly packumentCache full:https://registry.npmjs.org/better-sqlite3 cache-miss
21 http fetch GET 200 https://registry.npmjs.org/better-sqlite3 473ms (cache miss)
22 silly packumentCache full:https://registry.npmjs.org/better-sqlite3 set size:undefined disposed:false
23 silly fetch manifest typescript@^5
24 silly packumentCache full:https://registry.npmjs.org/typescript cache-miss
25 http fetch GET 200 https://registry.npmjs.org/typescript 889ms (cache miss)
26 silly packumentCache full:https://registry.npmjs.org/typescript set size:undefined disposed:false
27 silly fetch manifest @prisma/client@*
28 silly packumentCache full:https://registry.npmjs.org/@prisma%2fclient cache-miss
29 http fetch GET 200 https://registry.npmjs.org/@prisma%2fclient 3237ms (cache miss)
30 silly packumentCache full:https://registry.npmjs.org/@prisma%2fclient set size:undefined disposed:false
31 silly fetch manifest next-auth@*
32 silly packumentCache full:https://registry.npmjs.org/next-auth cache-miss
33 http fetch GET 200 https://registry.npmjs.org/next-auth 765ms (cache miss)
34 silly packumentCache full:https://registry.npmjs.org/next-auth set size:undefined disposed:false
35 silly fetch manifest @auth/core@0.34.3
36 silly packumentCache full:https://registry.npmjs.org/@auth%2fcore cache-miss
37 http fetch GET 200 https://registry.npmjs.org/@auth%2fcore 1111ms (cache miss)
38 silly packumentCache full:https://registry.npmjs.org/@auth%2fcore set size:undefined disposed:false
39 silly fetch manifest @simplewebauthn/browser@^9.0.1
40 silly packumentCache full:https://registry.npmjs.org/@simplewebauthn%2fbrowser cache-miss
41 http fetch GET 200 https://registry.npmjs.org/@simplewebauthn%2fbrowser 933ms (cache miss)
42 silly packumentCache full:https://registry.npmjs.org/@simplewebauthn%2fbrowser set size:undefined disposed:false
43 silly fetch manifest @simplewebauthn/server@^9.0.2
44 silly packumentCache full:https://registry.npmjs.org/@simplewebauthn%2fserver cache-miss
45 http fetch GET 200 https://registry.npmjs.org/@simplewebauthn%2fserver 1114ms (cache miss)
46 silly packumentCache full:https://registry.npmjs.org/@simplewebauthn%2fserver set size:undefined disposed:false
47 silly fetch manifest nodemailer@^7
48 silly packumentCache full:https://registry.npmjs.org/nodemailer cache-miss
49 http fetch GET 200 https://registry.npmjs.org/nodemailer 723ms (cache miss)
50 silly packumentCache full:https://registry.npmjs.org/nodemailer set size:undefined disposed:false
51 silly fetch manifest next@16.2.6
52 silly packumentCache full:https://registry.npmjs.org/next cache-miss
53 http fetch GET 200 https://registry.npmjs.org/next 1605ms (cache miss)
54 silly packumentCache full:https://registry.npmjs.org/next set size:undefined disposed:false
55 silly fetch manifest @opentelemetry/api@^1.1.0
56 silly packumentCache full:https://registry.npmjs.org/@opentelemetry%2fapi cache-miss
57 http fetch GET 200 https://registry.npmjs.org/@opentelemetry%2fapi 135ms (cache miss)
58 silly packumentCache full:https://registry.npmjs.org/@opentelemetry%2fapi set size:undefined disposed:false
59 silly fetch manifest @playwright/test@^1.51.1
60 silly packumentCache full:https://registry.npmjs.org/@playwright%2ftest cache-miss
61 http fetch GET 200 https://registry.npmjs.org/@playwright%2ftest 1037ms (cache miss)
62 silly packumentCache full:https://registry.npmjs.org/@playwright%2ftest set size:undefined disposed:false
63 silly fetch manifest babel-plugin-react-compiler@*
64 silly packumentCache full:https://registry.npmjs.org/babel-plugin-react-compiler cache-miss
65 http fetch GET 200 https://registry.npmjs.org/babel-plugin-react-compiler 548ms (cache miss)
66 silly packumentCache full:https://registry.npmjs.org/babel-plugin-react-compiler set size:undefined disposed:false
67 silly fetch manifest react@19.2.4
68 silly packumentCache full:https://registry.npmjs.org/react cache-miss
69 http fetch GET 200 https://registry.npmjs.org/react 444ms (cache miss)
70 silly packumentCache full:https://registry.npmjs.org/react set size:undefined disposed:false
71 silly fetch manifest react-dom@19.2.4
72 silly packumentCache full:https://registry.npmjs.org/react-dom cache-miss
73 http fetch GET 200 https://registry.npmjs.org/react-dom 481ms (cache miss)
74 silly packumentCache full:https://registry.npmjs.org/react-dom set size:undefined disposed:false
75 silly fetch manifest sass@^1.3.0
76 silly packumentCache full:https://registry.npmjs.org/sass cache-miss
77 http fetch GET 200 https://registry.npmjs.org/sass 180ms (cache miss)
78 silly packumentCache full:https://registry.npmjs.org/sass set size:undefined disposed:false
79 silly fetch manifest @auth/prisma-adapter@*
80 silly packumentCache full:https://registry.npmjs.org/@auth%2fprisma-adapter cache-miss
81 http fetch GET 200 https://registry.npmjs.org/@auth%2fprisma-adapter 1388ms (cache miss)
82 silly packumentCache full:https://registry.npmjs.org/@auth%2fprisma-adapter set size:undefined disposed:false
83 silly fetch manifest bcryptjs@*
84 silly packumentCache full:https://registry.npmjs.org/bcryptjs cache-miss
85 http fetch GET 200 https://registry.npmjs.org/bcryptjs 500ms (cache miss)
86 silly packumentCache full:https://registry.npmjs.org/bcryptjs set size:undefined disposed:false
87 silly placeDep ROOT @auth/prisma-adapter@2.11.2 OK for: soko@0.1.0 want: *
88 silly placeDep ROOT @prisma/client@7.8.0 OK for: @auth/prisma-adapter@2.11.2 want: >=2.26.0 || >=3 || >=4 || >=5 || >=6
89 silly placeDep ROOT @prisma/client@7.8.0 REPLACE for: soko@0.1.0 want: *
90 silly placeDep ROOT bcryptjs@3.0.3 OK for: soko@0.1.0 want: *
91 silly placeDep ROOT next-auth@4.24.14 OK for: soko@0.1.0 want: *
92 silly placeDep ROOT prisma@7.8.0 OK for: soko@0.1.0 want: *
93 silly fetch manifest @auth/core@0.41.2
94 silly packumentCache full:https://registry.npmjs.org/@auth%2fcore cache-miss
95 http cache https://registry.npmjs.org/@auth%2fcore 98ms (cache hit)
96 silly packumentCache full:https://registry.npmjs.org/@auth%2fcore set size:378686 disposed:false
97 silly fetch manifest @prisma/client-runtime-utils@7.8.0
98 silly packumentCache full:https://registry.npmjs.org/@prisma%2fclient-runtime-utils cache-miss
99 http fetch GET 200 https://registry.npmjs.org/@prisma%2fclient-runtime-utils 982ms (cache miss)
100 silly packumentCache full:https://registry.npmjs.org/@prisma%2fclient-runtime-utils set size:undefined disposed:false
101 silly fetch manifest jose@^4.15.5
102 silly packumentCache full:https://registry.npmjs.org/jose cache-miss
103 http fetch GET 200 https://registry.npmjs.org/jose 212ms (cache miss)
104 silly packumentCache full:https://registry.npmjs.org/jose set size:undefined disposed:false
105 silly fetch manifest uuid@^8.3.2
106 silly packumentCache full:https://registry.npmjs.org/uuid cache-miss
107 http fetch GET 200 https://registry.npmjs.org/uuid 247ms (cache miss)
108 silly packumentCache full:https://registry.npmjs.org/uuid set size:undefined disposed:false
109 silly fetch manifest oauth@^0.9.15
110 silly packumentCache full:https://registry.npmjs.org/oauth cache-miss
111 http fetch GET 200 https://registry.npmjs.org/oauth 503ms (cache miss)
112 silly packumentCache full:https://registry.npmjs.org/oauth set size:undefined disposed:false
113 silly fetch manifest cookie@^0.7.0
114 silly packumentCache full:https://registry.npmjs.org/cookie cache-miss
115 http fetch GET 200 https://registry.npmjs.org/cookie 116ms (cache miss)
116 silly packumentCache full:https://registry.npmjs.org/cookie set size:undefined disposed:false
117 silly fetch manifest preact@^10.6.3
118 silly packumentCache full:https://registry.npmjs.org/preact cache-miss
119 http fetch GET 200 https://registry.npmjs.org/preact 615ms (cache miss)
120 silly packumentCache full:https://registry.npmjs.org/preact set size:undefined disposed:false
121 silly fetch manifest @panva/hkdf@^1.0.2
122 silly packumentCache full:https://registry.npmjs.org/@panva%2fhkdf cache-miss
123 http fetch GET 200 https://registry.npmjs.org/@panva%2fhkdf 942ms (cache miss)
124 silly packumentCache full:https://registry.npmjs.org/@panva%2fhkdf set size:undefined disposed:false
125 silly fetch manifest openid-client@^5.4.0
126 silly packumentCache full:https://registry.npmjs.org/openid-client cache-miss
127 http fetch GET 200 https://registry.npmjs.org/openid-client 735ms (cache miss)
128 silly packumentCache full:https://registry.npmjs.org/openid-client set size:undefined disposed:false
129 silly fetch manifest @babel/runtime@^7.20.13
130 silly packumentCache full:https://registry.npmjs.org/@babel%2fruntime cache-miss
131 http fetch GET 200 https://registry.npmjs.org/@babel%2fruntime 790ms (cache miss)
132 silly packumentCache full:https://registry.npmjs.org/@babel%2fruntime set size:undefined disposed:false
133 silly fetch manifest preact-render-to-string@^5.1.19
134 silly packumentCache full:https://registry.npmjs.org/preact-render-to-string cache-miss
135 http fetch GET 200 https://registry.npmjs.org/preact-render-to-string 557ms (cache miss)
136 silly packumentCache full:https://registry.npmjs.org/preact-render-to-string set size:undefined disposed:false
137 silly fetch manifest mysql2@3.15.3
138 silly packumentCache full:https://registry.npmjs.org/mysql2 cache-miss
139 http fetch GET 200 https://registry.npmjs.org/mysql2 560ms (cache miss)
140 silly packumentCache full:https://registry.npmjs.org/mysql2 set size:undefined disposed:false
141 silly fetch manifest postgres@3.4.7
142 silly packumentCache full:https://registry.npmjs.org/postgres cache-miss
143 http fetch GET 200 https://registry.npmjs.org/postgres 499ms (cache miss)
144 silly packumentCache full:https://registry.npmjs.org/postgres set size:undefined disposed:false
145 silly fetch manifest @prisma/dev@0.24.3
146 silly packumentCache full:https://registry.npmjs.org/@prisma%2fdev cache-miss
147 http fetch GET 200 https://registry.npmjs.org/@prisma%2fdev 1080ms (cache miss)
148 silly packumentCache full:https://registry.npmjs.org/@prisma%2fdev set size:undefined disposed:false
149 silly fetch manifest @prisma/config@7.8.0
150 silly packumentCache full:https://registry.npmjs.org/@prisma%2fconfig cache-miss
151 http fetch GET 200 https://registry.npmjs.org/@prisma%2fconfig 459ms (cache miss)
152 silly packumentCache full:https://registry.npmjs.org/@prisma%2fconfig set size:undefined disposed:false
153 silly fetch manifest @prisma/engines@7.8.0
154 silly packumentCache full:https://registry.npmjs.org/@prisma%2fengines cache-miss
155 http fetch GET 200 https://registry.npmjs.org/@prisma%2fengines 1608ms (cache miss)
156 silly packumentCache full:https://registry.npmjs.org/@prisma%2fengines set size:undefined disposed:false
157 silly fetch manifest @prisma/studio-core@0.27.3
158 silly packumentCache full:https://registry.npmjs.org/@prisma%2fstudio-core cache-miss
159 http fetch GET 200 https://registry.npmjs.org/@prisma%2fstudio-core 2040ms (cache miss)
160 silly packumentCache full:https://registry.npmjs.org/@prisma%2fstudio-core set size:undefined disposed:false
161 silly fetch manifest nodemailer@^7.0.7
162 silly packumentCache full:https://registry.npmjs.org/nodemailer cache-miss
163 http cache https://registry.npmjs.org/nodemailer 45ms (cache hit)
164 silly packumentCache full:https://registry.npmjs.org/nodemailer set size:577786 disposed:false
165 silly placeDep ROOT @auth/core@0.41.2 OK for: @auth/prisma-adapter@2.11.2 want: 0.41.2
166 silly fetch manifest jose@^6.0.6
167 silly packumentCache full:https://registry.npmjs.org/jose cache-miss
168 http cache https://registry.npmjs.org/jose 35ms (cache hit)
169 silly packumentCache full:https://registry.npmjs.org/jose set size:1413195 disposed:false
170 silly fetch manifest preact@10.24.3
171 silly packumentCache full:https://registry.npmjs.org/preact cache-miss
172 http cache https://registry.npmjs.org/preact 30ms (cache hit)
173 silly packumentCache full:https://registry.npmjs.org/preact set size:1827417 disposed:false
174 silly fetch manifest @panva/hkdf@^1.2.1
175 silly packumentCache full:https://registry.npmjs.org/@panva%2fhkdf cache-miss
176 http cache https://registry.npmjs.org/@panva%2fhkdf 26ms (cache hit)
177 silly packumentCache full:https://registry.npmjs.org/@panva%2fhkdf set size:22482 disposed:false
178 silly fetch manifest oauth4webapi@^3.3.0
179 silly packumentCache full:https://registry.npmjs.org/oauth4webapi cache-miss
180 http fetch GET 200 https://registry.npmjs.org/oauth4webapi 555ms (cache miss)
181 silly packumentCache full:https://registry.npmjs.org/oauth4webapi set size:undefined disposed:false
182 silly fetch manifest preact-render-to-string@6.5.11
183 silly packumentCache full:https://registry.npmjs.org/preact-render-to-string cache-miss
184 http cache https://registry.npmjs.org/preact-render-to-string 27ms (cache hit)
185 silly packumentCache full:https://registry.npmjs.org/preact-render-to-string set size:537365 disposed:false
186 silly placeDep ROOT @panva/hkdf@1.2.1 OK for: @auth/core@0.41.2 want: ^1.2.1
187 silly placeDep ROOT jose@6.2.3 OK for: @auth/core@0.41.2 want: ^6.0.6
188 silly placeDep ROOT oauth4webapi@3.8.6 OK for: @auth/core@0.41.2 want: ^3.3.0
189 silly placeDep ROOT preact@10.24.3 OK for: @auth/core@0.41.2 want: 10.24.3
190 silly placeDep ROOT preact-render-to-string@6.5.11 OK for: @auth/core@0.41.2 want: 6.5.11
191 silly placeDep ROOT @prisma/client-runtime-utils@7.8.0 OK for: @prisma/client@7.8.0 want: 7.8.0
192 silly placeDep ROOT @auth/core@0.34.3 REPLACE for: next-auth@4.24.14 want: 0.34.3
193 silly placeDep ROOT @babel/runtime@7.29.2 OK for: next-auth@4.24.14 want: ^7.20.13
194 silly placeDep ROOT cookie@0.7.2 OK for: next-auth@4.24.14 want: ^0.7.0
195 silly placeDep ROOT jose@4.15.9 OK for: next-auth@4.24.14 want: ^4.15.5
196 silly placeDep ROOT oauth@0.9.15 OK for: next-auth@4.24.14 want: ^0.9.15
197 silly placeDep ROOT openid-client@5.7.1 OK for: next-auth@4.24.14 want: ^5.4.0
198 silly placeDep ROOT preact-render-to-string@5.2.6 OK for: next-auth@4.24.14 want: ^5.1.19
199 silly placeDep ROOT uuid@8.3.2 OK for: next-auth@4.24.14 want: ^8.3.2
200 silly fetch manifest jose@^5.1.3
201 silly packumentCache full:https://registry.npmjs.org/jose cache-miss
202 http cache https://registry.npmjs.org/jose 29ms (cache hit)
203 silly packumentCache full:https://registry.npmjs.org/jose set size:1413195 disposed:false
204 silly fetch manifest cookie@0.6.0
205 silly packumentCache full:https://registry.npmjs.org/cookie cache-miss
206 http cache https://registry.npmjs.org/cookie 13ms (cache hit)
207 silly packumentCache full:https://registry.npmjs.org/cookie set size:72891 disposed:false
208 silly fetch manifest preact@10.11.3
209 silly packumentCache full:https://registry.npmjs.org/preact cache-miss
210 http cache https://registry.npmjs.org/preact 50ms (cache hit)
211 silly packumentCache full:https://registry.npmjs.org/preact set size:1827417 disposed:false
212 silly fetch manifest oauth4webapi@^2.10.4
213 silly packumentCache full:https://registry.npmjs.org/oauth4webapi cache-miss
214 http cache https://registry.npmjs.org/oauth4webapi 14ms (cache hit)
215 silly packumentCache full:https://registry.npmjs.org/oauth4webapi set size:285285 disposed:false
216 silly fetch manifest @types/cookie@0.6.0
217 silly packumentCache full:https://registry.npmjs.org/@types%2fcookie cache-miss
218 http fetch GET 200 https://registry.npmjs.org/@types%2fcookie 789ms (cache miss)
219 silly packumentCache full:https://registry.npmjs.org/@types%2fcookie set size:undefined disposed:false
220 silly fetch manifest preact-render-to-string@5.2.3
221 silly packumentCache full:https://registry.npmjs.org/preact-render-to-string cache-hit
222 silly fetch manifest lru-cache@^6.0.0
223 silly packumentCache full:https://registry.npmjs.org/lru-cache cache-miss
224 http fetch GET 200 https://registry.npmjs.org/lru-cache 400ms (cache miss)
225 silly packumentCache full:https://registry.npmjs.org/lru-cache set size:undefined disposed:false
226 silly fetch manifest object-hash@^2.2.0
227 silly packumentCache full:https://registry.npmjs.org/object-hash cache-miss
228 http fetch GET 200 https://registry.npmjs.org/object-hash 255ms (cache miss)
229 silly packumentCache full:https://registry.npmjs.org/object-hash set size:undefined disposed:false
230 silly fetch manifest oidc-token-hash@^5.0.3
231 silly packumentCache full:https://registry.npmjs.org/oidc-token-hash cache-miss
232 http fetch GET 200 https://registry.npmjs.org/oidc-token-hash 870ms (cache miss)
233 silly packumentCache full:https://registry.npmjs.org/oidc-token-hash set size:undefined disposed:false
234 silly fetch manifest pretty-format@^3.8.0
235 silly packumentCache full:https://registry.npmjs.org/pretty-format cache-miss
236 http fetch GET 200 https://registry.npmjs.org/pretty-format 335ms (cache miss)
237 silly packumentCache full:https://registry.npmjs.org/pretty-format set size:undefined disposed:false
238 silly placeDep ROOT @types/cookie@0.6.0 OK for: @auth/core@0.34.3 want: 0.6.0
239 silly placeDep node_modules/@auth/core cookie@0.6.0 OK for: @auth/core@0.34.3 want: 0.6.0
240 silly placeDep node_modules/@auth/core jose@5.10.0 OK for: @auth/core@0.34.3 want: ^5.1.3
241 silly placeDep ROOT oauth4webapi@2.17.0 OK for: @auth/core@0.34.3 want: ^2.10.4
242 silly placeDep node_modules/@auth/core preact@10.11.3 OK for: @auth/core@0.34.3 want: 10.11.3
243 silly placeDep node_modules/@auth/core preact-render-to-string@5.2.3 OK for: @auth/core@0.34.3 want: 5.2.3
244 silly placeDep node_modules/@auth/prisma-adapter @auth/core@0.41.2 OK for: @auth/prisma-adapter@2.11.2 want: 0.41.2
245 silly placeDep node_modules/openid-client lru-cache@6.0.0 OK for: openid-client@5.7.1 want: ^6.0.0
246 silly placeDep ROOT object-hash@2.2.0 OK for: openid-client@5.7.1 want: ^2.2.0
247 silly placeDep ROOT oidc-token-hash@5.2.0 OK for: openid-client@5.7.1 want: ^5.0.3
248 silly fetch manifest yallist@^4.0.0
249 silly packumentCache full:https://registry.npmjs.org/yallist cache-miss
250 http fetch GET 200 https://registry.npmjs.org/yallist 102ms (cache miss)
251 silly packumentCache full:https://registry.npmjs.org/yallist set size:undefined disposed:false
252 silly placeDep ROOT pretty-format@3.8.0 OK for: preact-render-to-string@5.2.6 want: ^3.8.0
253 silly fetch manifest @types/react@^18.0.0 || ^19.0.0
254 silly packumentCache full:https://registry.npmjs.org/@types%2freact cache-miss
255 http fetch GET 200 https://registry.npmjs.org/@types%2freact 319ms (cache miss)
256 silly packumentCache full:https://registry.npmjs.org/@types%2freact set size:undefined disposed:false
257 silly fetch manifest react@^18.0.0 || ^19.0.0
258 silly packumentCache full:https://registry.npmjs.org/react cache-miss
259 http cache https://registry.npmjs.org/react 107ms (cache hit)
260 silly packumentCache full:https://registry.npmjs.org/react set size:6650647 disposed:false
261 silly fetch manifest react-dom@^18.0.0 || ^19.0.0
262 silly packumentCache full:https://registry.npmjs.org/react-dom cache-miss
263 http cache https://registry.npmjs.org/react-dom 105ms (cache hit)
264 silly packumentCache full:https://registry.npmjs.org/react-dom set size:8868827 disposed:false
265 silly placeDep ROOT @prisma/config@7.8.0 OK for: prisma@7.8.0 want: 7.8.0
266 silly placeDep ROOT @prisma/dev@0.24.3 OK for: prisma@7.8.0 want: 0.24.3
267 silly placeDep ROOT @prisma/engines@7.8.0 OK for: prisma@7.8.0 want: 7.8.0
268 silly placeDep ROOT @prisma/studio-core@0.27.3 OK for: prisma@7.8.0 want: 0.27.3
269 silly placeDep ROOT mysql2@3.15.3 OK for: prisma@7.8.0 want: 3.15.3
270 silly placeDep ROOT postgres@3.4.7 OK for: prisma@7.8.0 want: 3.4.7
271 silly fetch manifest c12@3.3.4
272 silly packumentCache full:https://registry.npmjs.org/c12 cache-miss
273 http fetch GET 200 https://registry.npmjs.org/c12 665ms (cache miss)
274 silly packumentCache full:https://registry.npmjs.org/c12 set size:undefined disposed:false
275 silly fetch manifest effect@3.20.0
276 silly packumentCache full:https://registry.npmjs.org/effect cache-miss
277 http fetch GET 200 https://registry.npmjs.org/effect 811ms (cache miss)
278 silly packumentCache full:https://registry.npmjs.org/effect set size:undefined disposed:false
279 silly fetch manifest empathic@2.0.0
280 silly packumentCache full:https://registry.npmjs.org/empathic cache-miss
281 http fetch GET 200 https://registry.npmjs.org/empathic 139ms (cache miss)
282 silly packumentCache full:https://registry.npmjs.org/empathic set size:undefined disposed:false
283 silly fetch manifest deepmerge-ts@7.1.5
284 silly packumentCache full:https://registry.npmjs.org/deepmerge-ts cache-miss
285 http fetch GET 200 https://registry.npmjs.org/deepmerge-ts 166ms (cache miss)
286 silly packumentCache full:https://registry.npmjs.org/deepmerge-ts set size:undefined disposed:false
287 silly fetch manifest hono@^4.12.8
288 silly packumentCache full:https://registry.npmjs.org/hono cache-miss
289 http fetch GET 200 https://registry.npmjs.org/hono 285ms (cache miss)
290 silly packumentCache full:https://registry.npmjs.org/hono set size:undefined disposed:false
291 silly fetch manifest pathe@2.0.3
292 silly packumentCache full:https://registry.npmjs.org/pathe cache-miss
293 http fetch GET 200 https://registry.npmjs.org/pathe 489ms (cache miss)
294 silly packumentCache full:https://registry.npmjs.org/pathe set size:undefined disposed:false
295 silly fetch manifest remeda@2.33.4
296 silly packumentCache full:https://registry.npmjs.org/remeda cache-miss
297 http fetch GET 200 https://registry.npmjs.org/remeda 526ms (cache miss)
298 silly packumentCache full:https://registry.npmjs.org/remeda set size:undefined disposed:false
299 silly fetch manifest std-env@3.10.0
300 silly packumentCache full:https://registry.npmjs.org/std-env cache-miss
301 http fetch GET 200 https://registry.npmjs.org/std-env 557ms (cache miss)
302 silly packumentCache full:https://registry.npmjs.org/std-env set size:undefined disposed:false
303 silly fetch manifest valibot@1.2.0
304 silly packumentCache full:https://registry.npmjs.org/valibot cache-miss
305 http fetch GET 200 https://registry.npmjs.org/valibot 673ms (cache miss)
306 silly packumentCache full:https://registry.npmjs.org/valibot set size:undefined disposed:false
307 silly fetch manifest zeptomatch@2.1.0
308 silly packumentCache full:https://registry.npmjs.org/zeptomatch cache-miss
309 http fetch GET 200 https://registry.npmjs.org/zeptomatch 483ms (cache miss)
310 silly packumentCache full:https://registry.npmjs.org/zeptomatch set size:undefined disposed:false
311 silly fetch manifest get-port-please@3.2.0
312 silly packumentCache full:https://registry.npmjs.org/get-port-please cache-miss
313 http fetch GET 200 https://registry.npmjs.org/get-port-please 520ms (cache miss)
314 silly packumentCache full:https://registry.npmjs.org/get-port-please set size:undefined disposed:false
315 silly fetch manifest proper-lockfile@4.1.2
316 silly packumentCache full:https://registry.npmjs.org/proper-lockfile cache-miss
317 http fetch GET 200 https://registry.npmjs.org/proper-lockfile 118ms (cache miss)
318 silly packumentCache full:https://registry.npmjs.org/proper-lockfile set size:undefined disposed:false
319 silly fetch manifest foreground-child@3.3.1
320 silly packumentCache full:https://registry.npmjs.org/foreground-child cache-miss
321 http fetch GET 200 https://registry.npmjs.org/foreground-child 125ms (cache miss)
322 silly packumentCache full:https://registry.npmjs.org/foreground-child set size:undefined disposed:false
323 silly fetch manifest @hono/node-server@1.19.11
324 silly packumentCache full:https://registry.npmjs.org/@hono%2fnode-server cache-miss
325 http fetch GET 200 https://registry.npmjs.org/@hono%2fnode-server 126ms (cache miss)
326 silly packumentCache full:https://registry.npmjs.org/@hono%2fnode-server set size:undefined disposed:false
327 silly fetch manifest http-status-codes@2.3.0
328 silly packumentCache full:https://registry.npmjs.org/http-status-codes cache-miss
329 http fetch GET 200 https://registry.npmjs.org/http-status-codes 478ms (cache miss)
330 silly packumentCache full:https://registry.npmjs.org/http-status-codes set size:undefined disposed:false
331 silly fetch manifest @electric-sql/pglite@0.4.1
332 silly packumentCache full:https://registry.npmjs.org/@electric-sql%2fpglite cache-miss
333 http fetch GET 200 https://registry.npmjs.org/@electric-sql%2fpglite 213ms (cache miss)
334 silly packumentCache full:https://registry.npmjs.org/@electric-sql%2fpglite set size:undefined disposed:false
335 silly fetch manifest @prisma/get-platform@7.2.0
336 silly packumentCache full:https://registry.npmjs.org/@prisma%2fget-platform cache-miss
337 http fetch GET 200 https://registry.npmjs.org/@prisma%2fget-platform 2869ms (cache miss)
338 silly packumentCache full:https://registry.npmjs.org/@prisma%2fget-platform set size:undefined disposed:false
339 silly fetch manifest @prisma/streams-local@0.1.2
340 silly packumentCache full:https://registry.npmjs.org/@prisma%2fstreams-local cache-miss
341 http fetch GET 200 https://registry.npmjs.org/@prisma%2fstreams-local 936ms (cache miss)
342 silly packumentCache full:https://registry.npmjs.org/@prisma%2fstreams-local set size:undefined disposed:false
343 silly fetch manifest @electric-sql/pglite-tools@0.3.1
344 silly packumentCache full:https://registry.npmjs.org/@electric-sql%2fpglite-tools cache-miss
345 http fetch GET 200 https://registry.npmjs.org/@electric-sql%2fpglite-tools 425ms (cache miss)
346 silly packumentCache full:https://registry.npmjs.org/@electric-sql%2fpglite-tools set size:undefined disposed:false
347 silly fetch manifest @electric-sql/pglite-socket@0.1.1
348 silly packumentCache full:https://registry.npmjs.org/@electric-sql%2fpglite-socket cache-miss
349 http fetch GET 200 https://registry.npmjs.org/@electric-sql%2fpglite-socket 913ms (cache miss)
350 silly packumentCache full:https://registry.npmjs.org/@electric-sql%2fpglite-socket set size:undefined disposed:false
351 silly fetch manifest @prisma/query-plan-executor@7.2.0
352 silly packumentCache full:https://registry.npmjs.org/@prisma%2fquery-plan-executor cache-miss
353 http fetch GET 200 https://registry.npmjs.org/@prisma%2fquery-plan-executor 1021ms (cache miss)
354 silly packumentCache full:https://registry.npmjs.org/@prisma%2fquery-plan-executor set size:undefined disposed:false
355 silly fetch manifest @prisma/debug@7.8.0
356 silly packumentCache full:https://registry.npmjs.org/@prisma%2fdebug cache-miss
357 http fetch GET 200 https://registry.npmjs.org/@prisma%2fdebug 2126ms (cache miss)
358 silly packumentCache full:https://registry.npmjs.org/@prisma%2fdebug set size:undefined disposed:false
359 silly fetch manifest @prisma/fetch-engine@7.8.0
360 silly packumentCache full:https://registry.npmjs.org/@prisma%2ffetch-engine cache-miss
361 http fetch GET 200 https://registry.npmjs.org/@prisma%2ffetch-engine 2321ms (cache miss)
362 silly packumentCache full:https://registry.npmjs.org/@prisma%2ffetch-engine set size:undefined disposed:false
363 silly fetch manifest @prisma/get-platform@7.8.0
364 silly packumentCache full:https://registry.npmjs.org/@prisma%2fget-platform cache-miss
365 http cache https://registry.npmjs.org/@prisma%2fget-platform 203ms (cache hit)
366 silly packumentCache full:https://registry.npmjs.org/@prisma%2fget-platform set size:28387014 disposed:false
367 silly fetch manifest @prisma/engines-version@7.8.0-6.3c6e192761c0362d496ed980de936e2f3cebcd3a
368 silly packumentCache full:https://registry.npmjs.org/@prisma%2fengines-version cache-miss
369 http fetch GET https://registry.npmjs.org/@prisma%2fengines-version attempt 1 failed with ECONNRESET
370 http fetch GET 200 https://registry.npmjs.org/@prisma%2fengines-version 21911ms attempt #2 (cache miss)
371 silly packumentCache full:https://registry.npmjs.org/@prisma%2fengines-version set size:undefined disposed:false
372 silly fetch manifest chart.js@4.5.1
373 silly packumentCache full:https://registry.npmjs.org/chart.js cache-miss
374 http fetch GET 200 https://registry.npmjs.org/chart.js 535ms (cache miss)
375 silly packumentCache full:https://registry.npmjs.org/chart.js set size:undefined disposed:false
376 silly fetch manifest @radix-ui/react-toggle@1.1.10
377 silly packumentCache full:https://registry.npmjs.org/@radix-ui%2freact-toggle cache-miss
378 http fetch GET 200 https://registry.npmjs.org/@radix-ui%2freact-toggle 159ms (cache miss)
379 silly packumentCache full:https://registry.npmjs.org/@radix-ui%2freact-toggle set size:undefined disposed:false
380 silly fetch manifest long@^5.2.1
381 silly packumentCache full:https://registry.npmjs.org/long cache-miss
382 http fetch GET 200 https://registry.npmjs.org/long 80ms (cache miss)
383 silly packumentCache full:https://registry.npmjs.org/long set size:undefined disposed:false
384 silly fetch manifest denque@^2.1.0
385 silly packumentCache full:https://registry.npmjs.org/denque cache-miss
386 http fetch GET 200 https://registry.npmjs.org/denque 71ms (cache miss)
387 silly packumentCache full:https://registry.npmjs.org/denque set size:undefined disposed:false
388 silly fetch manifest lru.min@^1.0.0
389 silly packumentCache full:https://registry.npmjs.org/lru.min cache-miss
390 http fetch GET 200 https://registry.npmjs.org/lru.min 493ms (cache miss)
391 silly packumentCache full:https://registry.npmjs.org/lru.min set size:undefined disposed:false
392 silly fetch manifest seq-queue@^0.0.5
393 silly packumentCache full:https://registry.npmjs.org/seq-queue cache-miss
394 http fetch GET 200 https://registry.npmjs.org/seq-queue 394ms (cache miss)
395 silly packumentCache full:https://registry.npmjs.org/seq-queue set size:undefined disposed:false
396 silly fetch manifest sqlstring@^2.3.2
397 silly packumentCache full:https://registry.npmjs.org/sqlstring cache-miss
398 http fetch GET 200 https://registry.npmjs.org/sqlstring 423ms (cache miss)
399 silly packumentCache full:https://registry.npmjs.org/sqlstring set size:undefined disposed:false
400 silly fetch manifest iconv-lite@^0.7.0
401 silly packumentCache full:https://registry.npmjs.org/iconv-lite cache-miss
402 http fetch GET 200 https://registry.npmjs.org/iconv-lite 119ms (cache miss)
403 silly packumentCache full:https://registry.npmjs.org/iconv-lite set size:undefined disposed:false
404 silly fetch manifest aws-ssl-profiles@^1.1.1
405 silly packumentCache full:https://registry.npmjs.org/aws-ssl-profiles cache-miss
406 http fetch GET 200 https://registry.npmjs.org/aws-ssl-profiles 582ms (cache miss)
407 silly packumentCache full:https://registry.npmjs.org/aws-ssl-profiles set size:undefined disposed:false
408 silly fetch manifest generate-function@^2.3.1
409 silly packumentCache full:https://registry.npmjs.org/generate-function cache-miss
410 http fetch GET 200 https://registry.npmjs.org/generate-function 630ms (cache miss)
411 silly packumentCache full:https://registry.npmjs.org/generate-function set size:undefined disposed:false
412 silly fetch manifest named-placeholders@^1.1.3
413 silly packumentCache full:https://registry.npmjs.org/named-placeholders cache-miss
414 http fetch GET 200 https://registry.npmjs.org/named-placeholders 613ms (cache miss)
415 silly packumentCache full:https://registry.npmjs.org/named-placeholders set size:undefined disposed:false
416 silly fetch manifest magicast@*
417 silly packumentCache full:https://registry.npmjs.org/magicast cache-miss
418 http fetch GET 200 https://registry.npmjs.org/magicast 73ms (cache miss)
419 silly packumentCache full:https://registry.npmjs.org/magicast set size:undefined disposed:false
420 silly placeDep ROOT c12@3.3.4 OK for: @prisma/config@7.8.0 want: 3.3.4
421 silly placeDep ROOT deepmerge-ts@7.1.5 OK for: @prisma/config@7.8.0 want: 7.1.5
422 silly placeDep ROOT effect@3.20.0 OK for: @prisma/config@7.8.0 want: 3.20.0
423 silly placeDep ROOT empathic@2.0.0 OK for: @prisma/config@7.8.0 want: 2.0.0
424 silly fetch manifest rc9@^3.0.1
425 silly packumentCache full:https://registry.npmjs.org/rc9 cache-miss
426 http fetch GET 200 https://registry.npmjs.org/rc9 79ms (cache miss)
427 silly packumentCache full:https://registry.npmjs.org/rc9 set size:undefined disposed:false
428 silly fetch manifest defu@^6.1.6
429 silly packumentCache full:https://registry.npmjs.org/defu cache-miss
430 http fetch GET 200 https://registry.npmjs.org/defu 141ms (cache miss)
431 silly packumentCache full:https://registry.npmjs.org/defu set size:undefined disposed:false
432 silly fetch manifest giget@^3.2.0
433 silly packumentCache full:https://registry.npmjs.org/giget cache-miss
434 http fetch GET 200 https://registry.npmjs.org/giget 133ms (cache miss)
435 silly packumentCache full:https://registry.npmjs.org/giget set size:undefined disposed:false
436 silly fetch manifest ohash@^2.0.11
437 silly packumentCache full:https://registry.npmjs.org/ohash cache-miss
438 http fetch GET 200 https://registry.npmjs.org/ohash 109ms (cache miss)
439 silly packumentCache full:https://registry.npmjs.org/ohash set size:undefined disposed:false
440 silly fetch manifest pathe@^2.0.3
441 silly packumentCache full:https://registry.npmjs.org/pathe cache-miss
442 http cache https://registry.npmjs.org/pathe 26ms (cache hit)
443 silly packumentCache full:https://registry.npmjs.org/pathe set size:68788 disposed:false
444 silly fetch manifest dotenv@^17.3.1
445 silly packumentCache full:https://registry.npmjs.org/dotenv cache-miss
446 http fetch GET 200 https://registry.npmjs.org/dotenv 204ms (cache miss)
447 silly packumentCache full:https://registry.npmjs.org/dotenv set size:undefined disposed:false
448 silly fetch manifest confbox@^0.2.4
449 silly packumentCache full:https://registry.npmjs.org/confbox cache-miss
450 http fetch GET 200 https://registry.npmjs.org/confbox 339ms (cache miss)
451 silly packumentCache full:https://registry.npmjs.org/confbox set size:undefined disposed:false
452 silly fetch manifest exsolve@^1.0.8
453 silly packumentCache full:https://registry.npmjs.org/exsolve cache-miss
454 http fetch GET 200 https://registry.npmjs.org/exsolve 96ms (cache miss)
455 silly packumentCache full:https://registry.npmjs.org/exsolve set size:undefined disposed:false
456 silly fetch manifest chokidar@^5.0.0
457 silly packumentCache full:https://registry.npmjs.org/chokidar cache-miss
458 http fetch GET 200 https://registry.npmjs.org/chokidar 251ms (cache miss)
459 silly packumentCache full:https://registry.npmjs.org/chokidar set size:undefined disposed:false
460 silly fetch manifest pkg-types@^2.3.0
461 silly packumentCache full:https://registry.npmjs.org/pkg-types cache-miss
462 http fetch GET 200 https://registry.npmjs.org/pkg-types 117ms (cache miss)
463 silly packumentCache full:https://registry.npmjs.org/pkg-types set size:undefined disposed:false
464 silly fetch manifest perfect-debounce@^2.1.0
465 silly packumentCache full:https://registry.npmjs.org/perfect-debounce cache-miss
466 http fetch GET 200 https://registry.npmjs.org/perfect-debounce 90ms (cache miss)
467 silly packumentCache full:https://registry.npmjs.org/perfect-debounce set size:undefined disposed:false
468 silly fetch manifest fast-check@^3.23.1
469 silly packumentCache full:https://registry.npmjs.org/fast-check cache-miss
470 http fetch GET 200 https://registry.npmjs.org/fast-check 778ms (cache miss)
471 silly packumentCache full:https://registry.npmjs.org/fast-check set size:undefined disposed:false
472 silly fetch manifest @standard-schema/spec@^1.0.0
473 silly packumentCache full:https://registry.npmjs.org/@standard-schema%2fspec cache-miss
474 http fetch GET 200 https://registry.npmjs.org/@standard-schema%2fspec 97ms (cache miss)
475 silly packumentCache full:https://registry.npmjs.org/@standard-schema%2fspec set size:undefined disposed:false
476 silly fetch manifest typescript@>=5
477 silly packumentCache full:https://registry.npmjs.org/typescript cache-miss
478 http cache https://registry.npmjs.org/typescript 195ms (cache hit)
479 silly packumentCache full:https://registry.npmjs.org/typescript set size:15409943 disposed:false
480 silly placeDep ROOT @electric-sql/pglite@0.4.1 OK for: @prisma/dev@0.24.3 want: 0.4.1
481 silly placeDep ROOT @electric-sql/pglite-socket@0.1.1 OK for: @prisma/dev@0.24.3 want: 0.1.1
482 silly placeDep ROOT @electric-sql/pglite-tools@0.3.1 OK for: @prisma/dev@0.24.3 want: 0.3.1
483 silly placeDep ROOT @hono/node-server@1.19.11 OK for: @prisma/dev@0.24.3 want: 1.19.11
484 silly placeDep ROOT hono@4.12.19 OK for: @hono/node-server@1.19.11 want: ^4
485 silly placeDep ROOT @prisma/get-platform@7.2.0 OK for: @prisma/dev@0.24.3 want: 7.2.0
486 silly placeDep ROOT @prisma/query-plan-executor@7.2.0 OK for: @prisma/dev@0.24.3 want: 7.2.0
487 silly placeDep ROOT @prisma/streams-local@0.1.2 OK for: @prisma/dev@0.24.3 want: 0.1.2
488 silly placeDep ROOT foreground-child@3.3.1 OK for: @prisma/dev@0.24.3 want: 3.3.1
489 silly placeDep ROOT get-port-please@3.2.0 OK for: @prisma/dev@0.24.3 want: 3.2.0
490 silly placeDep ROOT http-status-codes@2.3.0 OK for: @prisma/dev@0.24.3 want: 2.3.0
491 silly placeDep ROOT pathe@2.0.3 OK for: @prisma/dev@0.24.3 want: 2.0.3
492 silly placeDep ROOT proper-lockfile@4.1.2 OK for: @prisma/dev@0.24.3 want: 4.1.2
493 silly placeDep ROOT remeda@2.33.4 OK for: @prisma/dev@0.24.3 want: 2.33.4
494 silly placeDep ROOT std-env@3.10.0 OK for: @prisma/dev@0.24.3 want: 3.10.0
495 silly placeDep ROOT valibot@1.2.0 OK for: @prisma/dev@0.24.3 want: 1.2.0
496 silly placeDep ROOT zeptomatch@2.1.0 OK for: @prisma/dev@0.24.3 want: 2.1.0
497 silly fetch manifest @prisma/debug@7.2.0
498 silly packumentCache full:https://registry.npmjs.org/@prisma%2fdebug cache-miss
499 http cache https://registry.npmjs.org/@prisma%2fdebug 206ms (cache hit)
500 silly packumentCache full:https://registry.npmjs.org/@prisma%2fdebug set size:28702879 disposed:false
501 silly fetch manifest ajv@^8.12.0
502 silly packumentCache full:https://registry.npmjs.org/ajv cache-miss
503 http fetch GET 200 https://registry.npmjs.org/ajv 313ms (cache miss)
504 silly packumentCache full:https://registry.npmjs.org/ajv set size:undefined disposed:false
505 silly fetch manifest env-paths@^3.0.0
506 silly packumentCache full:https://registry.npmjs.org/env-paths cache-miss
507 http fetch GET 200 https://registry.npmjs.org/env-paths 72ms (cache miss)
508 silly packumentCache full:https://registry.npmjs.org/env-paths set size:undefined disposed:false
509 silly fetch manifest better-result@^2.7.0
510 silly packumentCache full:https://registry.npmjs.org/better-result cache-miss
511 http fetch GET 200 https://registry.npmjs.org/better-result 430ms (cache miss)
512 silly packumentCache full:https://registry.npmjs.org/better-result set size:undefined disposed:false
513 silly fetch manifest proper-lockfile@^4.1.2
514 silly packumentCache full:https://registry.npmjs.org/proper-lockfile cache-miss
515 http cache https://registry.npmjs.org/proper-lockfile 26ms (cache hit)
516 silly packumentCache full:https://registry.npmjs.org/proper-lockfile set size:82421 disposed:false
517 silly fetch manifest signal-exit@^4.0.1
518 silly packumentCache full:https://registry.npmjs.org/signal-exit cache-miss
519 http fetch GET 200 https://registry.npmjs.org/signal-exit 157ms (cache miss)
520 silly packumentCache full:https://registry.npmjs.org/signal-exit set size:undefined disposed:false
521 silly fetch manifest retry@^0.12.0
522 silly packumentCache full:https://registry.npmjs.org/retry cache-miss
523 http fetch GET 200 https://registry.npmjs.org/retry 79ms (cache miss)
524 silly packumentCache full:https://registry.npmjs.org/retry set size:undefined disposed:false
525 silly fetch manifest signal-exit@^3.0.2
526 silly packumentCache full:https://registry.npmjs.org/signal-exit cache-miss
527 http cache https://registry.npmjs.org/signal-exit 37ms (cache hit)
528 silly packumentCache full:https://registry.npmjs.org/signal-exit set size:53489 disposed:false
529 silly fetch manifest grammex@^3.1.11
530 silly packumentCache full:https://registry.npmjs.org/grammex cache-miss
531 http fetch GET 200 https://registry.npmjs.org/grammex 378ms (cache miss)
532 silly packumentCache full:https://registry.npmjs.org/grammex set size:undefined disposed:false
533 silly fetch manifest graphmatch@^1.1.0
534 silly packumentCache full:https://registry.npmjs.org/graphmatch cache-miss
535 http fetch GET 200 https://registry.npmjs.org/graphmatch 442ms (cache miss)
536 silly packumentCache full:https://registry.npmjs.org/graphmatch set size:undefined disposed:false
537 silly placeDep ROOT @prisma/debug@7.8.0 OK for: @prisma/engines@7.8.0 want: 7.8.0
538 silly placeDep ROOT @prisma/engines-version@7.8.0-6.3c6e192761c0362d496ed980de936e2f3cebcd3a OK for: @prisma/engines@7.8.0 want: 7.8.0-6.3c6e192761c0362d496ed980de936e2f3cebcd3a
539 silly placeDep ROOT @prisma/fetch-engine@7.8.0 OK for: @prisma/engines@7.8.0 want: 7.8.0
540 silly placeDep node_modules/@prisma/engines @prisma/get-platform@7.8.0 OK for: @prisma/engines@7.8.0 want: 7.8.0
541 silly placeDep node_modules/@prisma/fetch-engine @prisma/get-platform@7.8.0 OK for: @prisma/fetch-engine@7.8.0 want: 7.8.0
542 silly placeDep node_modules/@prisma/get-platform @prisma/debug@7.2.0 OK for: @prisma/get-platform@7.2.0 want: 7.2.0
543 silly placeDep node_modules/@prisma/streams-local ajv@8.20.0 OK for: @prisma/streams-local@0.1.2 want: ^8.12.0
544 silly placeDep ROOT better-result@2.9.2 OK for: @prisma/streams-local@0.1.2 want: ^2.7.0
545 silly placeDep ROOT env-paths@3.0.0 OK for: @prisma/streams-local@0.1.2 want: ^3.0.0
546 silly fetch manifest fast-uri@^3.0.1
547 silly packumentCache full:https://registry.npmjs.org/fast-uri cache-miss
548 http fetch GET 200 https://registry.npmjs.org/fast-uri 116ms (cache miss)
549 silly packumentCache full:https://registry.npmjs.org/fast-uri set size:undefined disposed:false
550 silly fetch manifest json-schema-traverse@^1.0.0
551 silly packumentCache full:https://registry.npmjs.org/json-schema-traverse cache-miss
552 http fetch GET 200 https://registry.npmjs.org/json-schema-traverse 444ms (cache miss)
553 silly packumentCache full:https://registry.npmjs.org/json-schema-traverse set size:undefined disposed:false
554 silly fetch manifest require-from-string@^2.0.2
555 silly packumentCache full:https://registry.npmjs.org/require-from-string cache-miss
556 http fetch GET 200 https://registry.npmjs.org/require-from-string 77ms (cache miss)
557 silly packumentCache full:https://registry.npmjs.org/require-from-string set size:undefined disposed:false
558 silly fetch manifest @types/react-dom@*
559 silly packumentCache full:https://registry.npmjs.org/@types%2freact-dom cache-miss
560 http fetch GET 200 https://registry.npmjs.org/@types%2freact-dom 347ms (cache miss)
561 silly packumentCache full:https://registry.npmjs.org/@types%2freact-dom set size:undefined disposed:false
562 silly placeDep ROOT @radix-ui/react-toggle@1.1.10 OK for: @prisma/studio-core@0.27.3 want: 1.1.10
563 silly placeDep ROOT chart.js@4.5.1 OK for: @prisma/studio-core@0.27.3 want: 4.5.1
564 silly fetch manifest @radix-ui/primitive@1.1.3
565 silly packumentCache full:https://registry.npmjs.org/@radix-ui%2fprimitive cache-miss
566 http fetch GET 200 https://registry.npmjs.org/@radix-ui%2fprimitive 148ms (cache miss)
567 silly packumentCache full:https://registry.npmjs.org/@radix-ui%2fprimitive set size:undefined disposed:false
568 silly fetch manifest @radix-ui/react-primitive@2.1.3
569 silly packumentCache full:https://registry.npmjs.org/@radix-ui%2freact-primitive cache-miss
570 http fetch GET 200 https://registry.npmjs.org/@radix-ui%2freact-primitive 820ms (cache miss)
571 silly packumentCache full:https://registry.npmjs.org/@radix-ui%2freact-primitive set size:undefined disposed:false
572 silly fetch manifest @radix-ui/react-use-controllable-state@1.2.2
573 silly packumentCache full:https://registry.npmjs.org/@radix-ui%2freact-use-controllable-state cache-miss
574 http fetch GET 200 https://registry.npmjs.org/@radix-ui%2freact-use-controllable-state 171ms (cache miss)
575 silly packumentCache full:https://registry.npmjs.org/@radix-ui%2freact-use-controllable-state set size:undefined disposed:false
576 silly fetch manifest @kurkle/color@^0.3.0
577 silly packumentCache full:https://registry.npmjs.org/@kurkle%2fcolor cache-miss
578 http fetch GET 200 https://registry.npmjs.org/@kurkle%2fcolor 941ms (cache miss)
579 silly packumentCache full:https://registry.npmjs.org/@kurkle%2fcolor set size:undefined disposed:false
580 silly fetch manifest @types/react@*
581 silly packumentCache full:https://registry.npmjs.org/@types%2freact cache-miss
582 http cache https://registry.npmjs.org/@types%2freact 38ms (cache hit)
583 silly packumentCache full:https://registry.npmjs.org/@types%2freact set size:2588964 disposed:false
584 silly fetch manifest react@^16.8 || ^17.0 || ^18.0 || ^19.0 || ^19.0.0-rc
585 silly packumentCache full:https://registry.npmjs.org/react cache-miss
586 http cache https://registry.npmjs.org/react 52ms (cache hit)
587 silly packumentCache full:https://registry.npmjs.org/react set size:6650647 disposed:false
588 silly fetch manifest react-dom@^16.8 || ^17.0 || ^18.0 || ^19.0 || ^19.0.0-rc
589 silly packumentCache full:https://registry.npmjs.org/react-dom cache-miss
590 http cache https://registry.npmjs.org/react-dom 105ms (cache hit)
591 silly packumentCache full:https://registry.npmjs.org/react-dom set size:8868827 disposed:false
592 silly placeDep ROOT @radix-ui/primitive@1.1.3 OK for: @radix-ui/react-toggle@1.1.10 want: 1.1.3
593 silly placeDep ROOT @radix-ui/react-primitive@2.1.3 OK for: @radix-ui/react-toggle@1.1.10 want: 2.1.3
594 silly placeDep ROOT @radix-ui/react-use-controllable-state@1.2.2 OK for: @radix-ui/react-toggle@1.1.10 want: 1.2.2
595 silly fetch manifest @radix-ui/react-slot@1.2.3
596 silly packumentCache full:https://registry.npmjs.org/@radix-ui%2freact-slot cache-miss
597 http fetch GET 200 https://registry.npmjs.org/@radix-ui%2freact-slot 541ms (cache miss)
598 silly packumentCache full:https://registry.npmjs.org/@radix-ui%2freact-slot set size:undefined disposed:false
599 silly fetch manifest @radix-ui/react-use-effect-event@0.0.2
600 silly packumentCache full:https://registry.npmjs.org/@radix-ui%2freact-use-effect-event cache-miss
601 http fetch GET 200 https://registry.npmjs.org/@radix-ui%2freact-use-effect-event 85ms (cache miss)
602 silly packumentCache full:https://registry.npmjs.org/@radix-ui%2freact-use-effect-event set size:undefined disposed:false
603 silly fetch manifest @radix-ui/react-use-layout-effect@1.1.1
604 silly packumentCache full:https://registry.npmjs.org/@radix-ui%2freact-use-layout-effect cache-miss
605 http fetch GET 200 https://registry.npmjs.org/@radix-ui%2freact-use-layout-effect 727ms (cache miss)
606 silly packumentCache full:https://registry.npmjs.org/@radix-ui%2freact-use-layout-effect set size:undefined disposed:false
607 silly placeDep ROOT @radix-ui/react-slot@1.2.3 OK for: @radix-ui/react-primitive@2.1.3 want: 1.2.3
608 silly fetch manifest @radix-ui/react-compose-refs@1.1.2
609 silly packumentCache full:https://registry.npmjs.org/@radix-ui%2freact-compose-refs cache-miss
610 http fetch GET 200 https://registry.npmjs.org/@radix-ui%2freact-compose-refs 527ms (cache miss)
611 silly packumentCache full:https://registry.npmjs.org/@radix-ui%2freact-compose-refs set size:undefined disposed:false
612 silly placeDep ROOT @radix-ui/react-compose-refs@1.1.2 OK for: @radix-ui/react-slot@1.2.3 want: 1.1.2
613 silly placeDep ROOT @radix-ui/react-use-effect-event@0.0.2 OK for: @radix-ui/react-use-controllable-state@1.2.2 want: 0.0.2
614 silly placeDep ROOT @radix-ui/react-use-layout-effect@1.1.1 OK for: @radix-ui/react-use-controllable-state@1.2.2 want: 1.1.1
615 silly placeDep ROOT chokidar@5.0.0 OK for: c12@3.3.4 want: ^5.0.0
616 silly placeDep ROOT confbox@0.2.4 OK for: c12@3.3.4 want: ^0.2.4
617 silly placeDep ROOT defu@6.1.7 OK for: c12@3.3.4 want: ^6.1.6
618 silly placeDep ROOT dotenv@17.4.2 OK for: c12@3.3.4 want: ^17.3.1
619 silly placeDep ROOT exsolve@1.0.8 OK for: c12@3.3.4 want: ^1.0.8
620 silly placeDep ROOT giget@3.2.0 OK for: c12@3.3.4 want: ^3.2.0
621 silly placeDep ROOT ohash@2.0.11 OK for: c12@3.3.4 want: ^2.0.11
622 silly placeDep ROOT perfect-debounce@2.1.0 OK for: c12@3.3.4 want: ^2.1.0
623 silly placeDep ROOT pkg-types@2.3.1 OK for: c12@3.3.4 want: ^2.3.0
624 silly placeDep ROOT rc9@3.0.1 OK for: c12@3.3.4 want: ^3.0.1
625 silly fetch manifest readdirp@^5.0.0
626 silly packumentCache full:https://registry.npmjs.org/readdirp cache-miss
627 http fetch GET 200 https://registry.npmjs.org/readdirp 249ms (cache miss)
628 silly packumentCache full:https://registry.npmjs.org/readdirp set size:undefined disposed:false
629 silly fetch manifest destr@^2.0.5
630 silly packumentCache full:https://registry.npmjs.org/destr cache-miss
631 http fetch GET 200 https://registry.npmjs.org/destr 129ms (cache miss)
632 silly packumentCache full:https://registry.npmjs.org/destr set size:undefined disposed:false
633 silly placeDep ROOT @kurkle/color@0.3.4 OK for: chart.js@4.5.1 want: ^0.3.0
634 silly placeDep ROOT readdirp@5.0.0 OK for: chokidar@5.0.0 want: ^5.0.0
635 silly placeDep ROOT @standard-schema/spec@1.1.0 OK for: effect@3.20.0 want: ^1.0.0
636 silly placeDep ROOT fast-check@3.23.2 OK for: effect@3.20.0 want: ^3.23.1
637 silly fetch manifest pure-rand@^6.1.0
638 silly packumentCache full:https://registry.npmjs.org/pure-rand cache-miss
639 http fetch GET 200 https://registry.npmjs.org/pure-rand 177ms (cache miss)
640 silly packumentCache full:https://registry.npmjs.org/pure-rand set size:undefined disposed:false
641 silly placeDep ROOT pure-rand@6.1.0 OK for: fast-check@3.23.2 want: ^6.1.0
642 silly placeDep ROOT signal-exit@4.1.0 OK for: foreground-child@3.3.1 want: ^4.0.1
643 silly placeDep ROOT aws-ssl-profiles@1.1.2 OK for: mysql2@3.15.3 want: ^1.1.1
644 silly placeDep ROOT denque@2.1.0 OK for: mysql2@3.15.3 want: ^2.1.0
645 silly placeDep ROOT generate-function@2.3.1 OK for: mysql2@3.15.3 want: ^2.3.1
646 silly placeDep ROOT iconv-lite@0.7.2 OK for: mysql2@3.15.3 want: ^0.7.0
647 silly placeDep ROOT long@5.3.2 OK for: mysql2@3.15.3 want: ^5.2.1
648 silly placeDep ROOT lru.min@1.1.4 OK for: mysql2@3.15.3 want: ^1.0.0
649 silly placeDep ROOT named-placeholders@1.1.6 OK for: mysql2@3.15.3 want: ^1.1.3
650 silly placeDep ROOT seq-queue@0.0.5 OK for: mysql2@3.15.3 want: ^0.0.5
651 silly placeDep ROOT sqlstring@2.3.3 OK for: mysql2@3.15.3 want: ^2.3.2
652 silly fetch manifest is-property@^1.0.2
653 silly packumentCache full:https://registry.npmjs.org/is-property cache-miss
654 http fetch GET 200 https://registry.npmjs.org/is-property 463ms (cache miss)
655 silly packumentCache full:https://registry.npmjs.org/is-property set size:undefined disposed:false
656 silly fetch manifest safer-buffer@>= 2.1.2 < 3.0.0
657 silly packumentCache full:https://registry.npmjs.org/safer-buffer cache-miss
658 http fetch GET 200 https://registry.npmjs.org/safer-buffer 191ms (cache miss)
659 silly packumentCache full:https://registry.npmjs.org/safer-buffer set size:undefined disposed:false
660 silly placeDep ROOT is-property@1.0.2 OK for: generate-function@2.3.1 want: ^1.0.2
661 silly placeDep ROOT safer-buffer@2.1.2 OK for: iconv-lite@0.7.2 want: >= 2.1.2 < 3.0.0
662 silly placeDep ROOT retry@0.12.0 OK for: proper-lockfile@4.1.2 want: ^0.12.0
663 silly placeDep node_modules/proper-lockfile signal-exit@3.0.7 OK for: proper-lockfile@4.1.2 want: ^3.0.2
664 silly placeDep ROOT destr@2.0.5 OK for: rc9@3.0.1 want: ^2.0.5
665 silly placeDep ROOT grammex@3.1.12 OK for: zeptomatch@2.1.0 want: ^3.1.11
666 silly placeDep ROOT graphmatch@1.1.1 OK for: zeptomatch@2.1.0 want: ^1.1.0
667 silly placeDep node_modules/@auth/prisma-adapter jose@6.2.3 OK for: @auth/core@0.41.2 want: ^6.0.6
668 silly placeDep node_modules/@auth/prisma-adapter oauth4webapi@3.8.6 OK for: @auth/core@0.41.2 want: ^3.3.0
669 silly placeDep node_modules/@auth/prisma-adapter preact-render-to-string@6.5.11 OK for: @auth/core@0.41.2 want: 6.5.11
670 silly placeDep ROOT fast-uri@3.1.2 OK for: ajv@8.20.0 want: ^3.0.1
671 silly placeDep node_modules/@prisma/streams-local json-schema-traverse@1.0.0 OK for: ajv@8.20.0 want: ^1.0.0
672 silly placeDep ROOT require-from-string@2.0.2 OK for: ajv@8.20.0 want: ^2.0.2
673 silly placeDep node_modules/openid-client yallist@4.0.0 OK for: lru-cache@6.0.0 want: ^4.0.0
674 silly reify moves {}
675 verbose reify failed optional dependency C:\Users\CASH\projects\soko\node_modules\@tailwindcss\oxide-wasm32-wasi
676 silly reify mark deleted [
676 silly reify   'C:\\Users\\CASH\\projects\\soko\\node_modules\\@tailwindcss\\oxide-wasm32-wasi'
676 silly reify ]
677 silly audit bulk request {
677 silly audit   '@alloc/quick-lru': [ '5.2.0' ],
677 silly audit   '@babel/code-frame': [ '7.29.0' ],
677 silly audit   '@babel/compat-data': [ '7.29.3' ],
677 silly audit   '@babel/core': [ '7.29.0' ],
677 silly audit   '@babel/generator': [ '7.29.1' ],
677 silly audit   '@babel/helper-compilation-targets': [ '7.28.6' ],
677 silly audit   '@babel/helper-globals': [ '7.28.0' ],
677 silly audit   '@babel/helper-module-imports': [ '7.28.6' ],
677 silly audit   '@babel/helper-module-transforms': [ '7.28.6' ],
677 silly audit   '@babel/helper-string-parser': [ '7.27.1' ],
677 silly audit   '@babel/helper-validator-identifier': [ '7.28.5' ],
677 silly audit   '@babel/helper-validator-option': [ '7.27.1' ],
677 silly audit   '@babel/helpers': [ '7.29.2' ],
677 silly audit   '@babel/parser': [ '7.29.3' ],
677 silly audit   '@babel/template': [ '7.28.6' ],
677 silly audit   '@babel/traverse': [ '7.29.0' ],
677 silly audit   '@babel/types': [ '7.29.0' ],
677 silly audit   '@emnapi/core': [ '1.10.0' ],
677 silly audit   '@emnapi/runtime': [ '1.10.0' ],
677 silly audit   '@emnapi/wasi-threads': [ '1.2.1' ],
677 silly audit   '@eslint-community/eslint-utils': [ '4.9.1' ],
677 silly audit   'eslint-visitor-keys': [ '3.4.3', '5.0.1', '4.2.1' ],
677 silly audit   '@eslint-community/regexpp': [ '4.12.2' ],
677 silly audit   '@eslint/config-array': [ '0.21.2' ],
677 silly audit   '@eslint/config-helpers': [ '0.4.2' ],
677 silly audit   '@eslint/core': [ '0.17.0' ],
677 silly audit   '@eslint/eslintrc': [ '3.3.5' ],
677 silly audit   '@eslint/js': [ '9.39.4' ],
677 silly audit   '@eslint/object-schema': [ '2.1.7' ],
677 silly audit   '@eslint/plugin-kit': [ '0.4.1' ],
677 silly audit   '@humanfs/core': [ '0.19.2' ],
677 silly audit   '@humanfs/node': [ '0.16.8' ],
677 silly audit   '@humanfs/types': [ '0.15.0' ],
677 silly audit   '@humanwhocodes/module-importer': [ '1.0.1' ],
677 silly audit   '@humanwhocodes/retry': [ '0.4.3' ],
677 silly audit   '@img/colour': [ '1.1.0' ],
677 silly audit   '@img/sharp-darwin-arm64': [ '0.34.5' ],
677 silly audit   '@img/sharp-darwin-x64': [ '0.34.5' ],
677 silly audit   '@img/sharp-libvips-darwin-arm64': [ '1.2.4' ],
677 silly audit   '@img/sharp-libvips-darwin-x64': [ '1.2.4' ],
677 silly audit   '@img/sharp-libvips-linux-arm': [ '1.2.4' ],
677 silly audit   '@img/sharp-libvips-linux-arm64': [ '1.2.4' ],
677 silly audit   '@img/sharp-libvips-linux-ppc64': [ '1.2.4' ],
677 silly audit   '@img/sharp-libvips-linux-riscv64': [ '1.2.4' ],
677 silly audit   '@img/sharp-libvips-linux-s390x': [ '1.2.4' ],
677 silly audit   '@img/sharp-libvips-linux-x64': [ '1.2.4' ],
677 silly audit   '@img/sharp-libvips-linuxmusl-arm64': [ '1.2.4' ],
677 silly audit   '@img/sharp-libvips-linuxmusl-x64': [ '1.2.4' ],
677 silly audit   '@img/sharp-linux-arm': [ '0.34.5' ],
677 silly audit   '@img/sharp-linux-arm64': [ '0.34.5' ],
677 silly audit   '@img/sharp-linux-ppc64': [ '0.34.5' ],
677 silly audit   '@img/sharp-linux-riscv64': [ '0.34.5' ],
677 silly audit   '@img/sharp-linux-s390x': [ '0.34.5' ],
677 silly audit   '@img/sharp-linux-x64': [ '0.34.5' ],
677 silly audit   '@img/sharp-linuxmusl-arm64': [ '0.34.5' ],
677 silly audit   '@img/sharp-linuxmusl-x64': [ '0.34.5' ],
677 silly audit   '@img/sharp-wasm32': [ '0.34.5' ],
677 silly audit   '@img/sharp-win32-arm64': [ '0.34.5' ],
677 silly audit   '@img/sharp-win32-ia32': [ '0.34.5' ],
677 silly audit   '@img/sharp-win32-x64': [ '0.34.5' ],
677 silly audit   '@jridgewell/gen-mapping': [ '0.3.13' ],
677 silly audit   '@jridgewell/remapping': [ '2.3.5' ],
677 silly audit   '@jridgewell/resolve-uri': [ '3.1.2' ],
677 silly audit   '@jridgewell/sourcemap-codec': [ '1.5.5' ],
677 silly audit   '@jridgewell/trace-mapping': [ '0.3.31' ],
677 silly audit   '@napi-rs/wasm-runtime': [ '0.2.12' ],
677 silly audit   '@next/env': [ '16.2.6' ],
677 silly audit   '@next/eslint-plugin-next': [ '16.2.6' ],
677 silly audit   '@next/swc-darwin-arm64': [ '16.2.6' ],
677 silly audit   '@next/swc-darwin-x64': [ '16.2.6' ],
677 silly audit   '@next/swc-linux-arm64-gnu': [ '16.2.6' ],
677 silly audit   '@next/swc-linux-arm64-musl': [ '16.2.6' ],
677 silly audit   '@next/swc-linux-x64-gnu': [ '16.2.6' ],
677 silly audit   '@next/swc-linux-x64-musl': [ '16.2.6' ],
677 silly audit   '@next/swc-win32-arm64-msvc': [ '16.2.6' ],
677 silly audit   '@next/swc-win32-x64-msvc': [ '16.2.6' ],
677 silly audit   '@nodelib/fs.scandir': [ '2.1.5' ],
677 silly audit   '@nodelib/fs.stat': [ '2.0.5' ],
677 silly audit   '@nodelib/fs.walk': [ '1.2.8' ],
677 silly audit   '@nolyfill/is-core-module': [ '1.0.39' ],
677 silly audit   '@rtsao/scc': [ '1.1.0' ],
677 silly audit   '@swc/helpers': [ '0.5.15' ],
677 silly audit   '@tailwindcss/node': [ '4.3.0' ],
677 silly audit   '@tailwindcss/oxide': [ '4.3.0' ],
677 silly audit   '@tailwindcss/oxide-android-arm64': [ '4.3.0' ],
677 silly audit   '@tailwindcss/oxide-darwin-arm64': [ '4.3.0' ],
677 silly audit   '@tailwindcss/oxide-darwin-x64': [ '4.3.0' ],
677 silly audit   '@tailwindcss/oxide-freebsd-x64': [ '4.3.0' ],
677 silly audit   '@tailwindcss/oxide-linux-arm-gnueabihf': [ '4.3.0' ],
677 silly audit   '@tailwindcss/oxide-linux-arm64-gnu': [ '4.3.0' ],
677 silly audit   '@tailwindcss/oxide-linux-arm64-musl': [ '4.3.0' ],
677 silly audit   '@tailwindcss/oxide-linux-x64-gnu': [ '4.3.0' ],
677 silly audit   '@tailwindcss/oxide-linux-x64-musl': [ '4.3.0' ],
677 silly audit   '@tailwindcss/oxide-win32-arm64-msvc': [ '4.3.0' ],
677 silly audit   '@tailwindcss/oxide-win32-x64-msvc': [ '4.3.0' ],
677 silly audit   '@tailwindcss/postcss': [ '4.3.0' ],
677 silly audit   '@tybys/wasm-util': [ '0.10.2' ],
677 silly audit   '@types/estree': [ '1.0.9' ],
677 silly audit   '@types/json-schema': [ '7.0.15' ],
677 silly audit   '@types/json5': [ '0.0.29' ],
677 silly audit   '@types/node': [ '20.19.41' ],
677 silly audit   '@types/react': [ '19.2.14' ],
677 silly audit   '@types/react-dom': [ '19.2.3' ],
677 silly audit   '@typescript-eslint/eslint-plugin': [ '8.59.3' ],
677 silly audit   ignore: [ '7.0.5', '5.3.2' ],
677 silly audit   '@typescript-eslint/parser': [ '8.59.3' ],
677 silly audit   '@typescript-eslint/project-service': [ '8.59.3' ],
677 silly audit   '@typescript-eslint/scope-manager': [ '8.59.3' ],
677 silly audit   '@typescript-eslint/tsconfig-utils': [ '8.59.3' ],
677 silly audit   '@typescript-eslint/type-utils': [ '8.59.3' ],
677 silly audit   '@typescript-eslint/types': [ '8.59.3' ],
677 silly audit   '@typescript-eslint/typescript-estree': [ '8.59.3' ],
677 silly audit   'balanced-match': [ '4.0.4', '1.0.2' ],
677 silly audit   'brace-expansion': [ '5.0.6', '1.1.14' ],
677 silly audit   minimatch: [ '10.2.5', '3.1.5' ],
677 silly audit   semver: [ '7.8.0', '6.3.1' ],
677 silly audit   '@typescript-eslint/utils': [ '8.59.3' ],
677 silly audit   '@typescript-eslint/visitor-keys': [ '8.59.3' ],
677 silly audit   '@unrs/resolver-binding-android-arm-eabi': [ '1.11.1' ],
677 silly audit   '@unrs/resolver-binding-android-arm64': [ '1.11.1' ],
677 silly audit   '@unrs/resolver-binding-darwin-arm64': [ '1.11.1' ],
677 silly audit   '@unrs/resolver-binding-darwin-x64': [ '1.11.1' ],
677 silly audit   '@unrs/resolver-binding-freebsd-x64': [ '1.11.1' ],
677 silly audit   '@unrs/resolver-binding-linux-arm-gnueabihf': [ '1.11.1' ],
677 silly audit   '@unrs/resolver-binding-linux-arm-musleabihf': [ '1.11.1' ],
677 silly audit   '@unrs/resolver-binding-linux-arm64-gnu': [ '1.11.1' ],
677 silly audit   '@unrs/resolver-binding-linux-arm64-musl': [ '1.11.1' ],
677 silly audit   '@unrs/resolver-binding-linux-ppc64-gnu': [ '1.11.1' ],
677 silly audit   '@unrs/resolver-binding-linux-riscv64-gnu': [ '1.11.1' ],
677 silly audit   '@unrs/resolver-binding-linux-riscv64-musl': [ '1.11.1' ],
677 silly audit   '@unrs/resolver-binding-linux-s390x-gnu': [ '1.11.1' ],
677 silly audit   '@unrs/resolver-binding-linux-x64-gnu': [ '1.11.1' ],
677 silly audit   '@unrs/resolver-binding-linux-x64-musl': [ '1.11.1' ],
677 silly audit   '@unrs/resolver-binding-wasm32-wasi': [ '1.11.1' ],
677 silly audit   '@unrs/resolver-binding-win32-arm64-msvc': [ '1.11.1' ],
677 silly audit   '@unrs/resolver-binding-win32-ia32-msvc': [ '1.11.1' ],
677 silly audit   '@unrs/resolver-binding-win32-x64-msvc': [ '1.11.1' ],
677 silly audit   acorn: [ '8.16.0' ],
677 silly audit   'acorn-jsx': [ '5.3.2' ],
677 silly audit   ajv: [ '6.15.0', '8.20.0' ],
677 silly audit   'ansi-styles': [ '4.3.0' ],
677 silly audit   argparse: [ '2.0.1' ],
677 silly audit   'aria-query': [ '5.3.2' ],
677 silly audit   'array-buffer-byte-length': [ '1.0.2' ],
677 silly audit   'array-includes': [ '3.1.9' ],
677 silly audit   'array.prototype.findlast': [ '1.2.5' ],
677 silly audit   'array.prototype.findlastindex': [ '1.2.6' ],
677 silly audit   'array.prototype.flat': [ '1.3.3' ],
677 silly audit   'array.prototype.flatmap': [ '1.3.3' ],
677 silly audit   'array.prototype.tosorted': [ '1.1.4' ],
677 silly audit   'arraybuffer.prototype.slice': [ '1.0.4' ],
677 silly audit   'ast-types-flow': [ '0.0.8' ],
677 silly audit   'async-function': [ '1.0.0' ],
677 silly audit   'available-typed-arrays': [ '1.0.7' ],
677 silly audit   'axe-core': [ '4.11.4' ],
677 silly audit   'axobject-query': [ '4.1.0' ],
677 silly audit   'baseline-browser-mapping': [ '2.10.30' ],
677 silly audit   braces: [ '3.0.3' ],
677 silly audit   browserslist: [ '4.28.2' ],
677 silly audit   'call-bind': [ '1.0.9' ],
677 silly audit   'call-bind-apply-helpers': [ '1.0.2' ],
677 silly audit   'call-bound': [ '1.0.4' ],
677 silly audit   callsites: [ '3.1.0' ],
677 silly audit   'caniuse-lite': [ '1.0.30001793' ],
677 silly audit   chalk: [ '4.1.2' ],
677 silly audit   'client-only': [ '0.0.1' ],
677 silly audit   'color-convert': [ '2.0.1' ],
677 silly audit   'color-name': [ '1.1.4' ],
677 silly audit   'concat-map': [ '0.0.1' ],
677 silly audit   'convert-source-map': [ '2.0.0' ],
677 silly audit   'cross-spawn': [ '7.0.6' ],
677 silly audit   csstype: [ '3.2.3' ],
677 silly audit   'damerau-levenshtein': [ '1.0.8' ],
677 silly audit   'data-view-buffer': [ '1.0.2' ],
677 silly audit   'data-view-byte-length': [ '1.0.2' ],
677 silly audit   'data-view-byte-offset': [ '1.0.1' ],
677 silly audit   debug: [ '4.4.3', '3.2.7' ],
677 silly audit   'deep-is': [ '0.1.4' ],
677 silly audit   'define-data-property': [ '1.1.4' ],
677 silly audit   'define-properties': [ '1.2.1' ],
677 silly audit   'detect-libc': [ '2.1.2' ],
677 silly audit   doctrine: [ '2.1.0' ],
677 silly audit   'dunder-proto': [ '1.0.1' ],
677 silly audit   'electron-to-chromium': [ '1.5.357' ],
677 silly audit   'emoji-regex': [ '9.2.2' ],
677 silly audit   'enhanced-resolve': [ '5.21.3' ],
677 silly audit   'es-abstract': [ '1.24.2' ],
677 silly audit   'es-define-property': [ '1.0.1' ],
677 silly audit   'es-errors': [ '1.3.0' ],
677 silly audit   'es-iterator-helpers': [ '1.3.2' ],
677 silly audit   'es-object-atoms': [ '1.1.1' ],
677 silly audit   'es-set-tostringtag': [ '2.1.0' ],
677 silly audit   'es-shim-unscopables': [ '1.1.0' ],
677 silly audit   'es-to-primitive': [ '1.3.0' ],
677 silly audit   escalade: [ '3.2.0' ],
677 silly audit   'escape-string-regexp': [ '4.0.0' ],
677 silly audit   eslint: [ '9.39.4' ],
677 silly audit   'eslint-config-next': [ '16.2.6' ],
677 silly audit   globals: [ '16.4.0', '14.0.0' ],
677 silly audit   'eslint-import-resolver-node': [ '0.3.10' ],
677 silly audit   'eslint-import-resolver-typescript': [ '3.10.1' ],
677 silly audit   'eslint-module-utils': [ '2.12.1' ],
677 silly audit   'eslint-plugin-import': [ '2.32.0' ],
677 silly audit   'eslint-plugin-jsx-a11y': [ '6.10.2' ],
677 silly audit   'eslint-plugin-react': [ '7.37.5' ],
677 silly audit   'eslint-plugin-react-hooks': [ '7.1.1' ],
677 silly audit   'eslint-scope': [ '8.4.0' ],
677 silly audit   espree: [ '10.4.0' ],
677 silly audit   esquery: [ '1.7.0' ],
677 silly audit   esrecurse: [ '4.3.0' ],
677 silly audit   estraverse: [ '5.3.0' ],
677 silly audit   esutils: [ '2.0.3' ],
677 silly audit   'fast-deep-equal': [ '3.1.3' ],
677 silly audit   'fast-glob': [ '3.3.1' ],
677 silly audit   'glob-parent': [ '5.1.2', '6.0.2' ],
677 silly audit   'fast-json-stable-stringify': [ '2.1.0' ],
677 silly audit   'fast-levenshtein': [ '2.0.6' ],
677 silly audit   fastq: [ '1.20.1' ],
677 silly audit   'file-entry-cache': [ '8.0.0' ],
677 silly audit   'fill-range': [ '7.1.1' ],
677 silly audit   'find-up': [ '5.0.0' ],
677 silly audit   'flat-cache': [ '4.0.1' ],
677 silly audit   flatted: [ '3.4.2' ],
677 silly audit   'for-each': [ '0.3.5' ],
677 silly audit   'function-bind': [ '1.1.2' ],
677 silly audit   'function.prototype.name': [ '1.1.8' ],
677 silly audit   'functions-have-names': [ '1.2.3' ],
677 silly audit   'generator-function': [ '2.0.1' ],
677 silly audit   gensync: [ '1.0.0-beta.2' ],
677 silly audit   'get-intrinsic': [ '1.3.0' ],
677 silly audit   'get-proto': [ '1.0.1' ],
677 silly audit   'get-symbol-description': [ '1.1.0' ],
677 silly audit   'get-tsconfig': [ '4.14.0' ],
677 silly audit   globalthis: [ '1.0.4' ],
677 silly audit   gopd: [ '1.2.0' ],
677 silly audit   'graceful-fs': [ '4.2.11' ],
677 silly audit   'has-bigints': [ '1.1.0' ],
677 silly audit   'has-flag': [ '4.0.0' ],
677 silly audit   'has-property-descriptors': [ '1.0.2' ],
677 silly audit   'has-proto': [ '1.2.0' ],
677 silly audit   'has-symbols': [ '1.1.0' ],
677 silly audit   'has-tostringtag': [ '1.0.2' ],
677 silly audit   hasown: [ '2.0.3' ],
677 silly audit   'hermes-estree': [ '0.25.1' ],
677 silly audit   'hermes-parser': [ '0.25.1' ],
677 silly audit   'import-fresh': [ '3.3.1' ],
677 silly audit   imurmurhash: [ '0.1.4' ],
677 silly audit   'internal-slot': [ '1.1.0' ],
677 silly audit   'is-array-buffer': [ '3.0.5' ],
677 silly audit   'is-async-function': [ '2.1.1' ],
677 silly audit   'is-bigint': [ '1.1.0' ],
677 silly audit   'is-boolean-object': [ '1.2.2' ],
677 silly audit   'is-bun-module': [ '2.0.0' ],
677 silly audit   'is-callable': [ '1.2.7' ],
677 silly audit   'is-core-module': [ '2.16.2' ],
677 silly audit   'is-data-view': [ '1.0.2' ],
677 silly audit   'is-date-object': [ '1.1.0' ],
677 silly audit   'is-extglob': [ '2.1.1' ],
677 silly audit   'is-finalizationregistry': [ '1.1.1' ],
677 silly audit   'is-generator-function': [ '1.1.2' ],
677 silly audit   'is-glob': [ '4.0.3' ],
677 silly audit   'is-map': [ '2.0.3' ],
677 silly audit   'is-negative-zero': [ '2.0.3' ],
677 silly audit   'is-number': [ '7.0.0' ],
677 silly audit   'is-number-object': [ '1.1.1' ],
677 silly audit   'is-regex': [ '1.2.1' ],
677 silly audit   'is-set': [ '2.0.3' ],
677 silly audit   'is-shared-array-buffer': [ '1.0.4' ],
677 silly audit   'is-string': [ '1.1.1' ],
677 silly audit   'is-symbol': [ '1.1.1' ],
677 silly audit   'is-typed-array': [ '1.1.15' ],
677 silly audit   'is-weakmap': [ '2.0.2' ],
677 silly audit   'is-weakref': [ '1.1.1' ],
677 silly audit   'is-weakset': [ '2.0.4' ],
677 silly audit   isarray: [ '2.0.5' ],
677 silly audit   isexe: [ '2.0.0' ],
677 silly audit   'iterator.prototype': [ '1.1.5' ],
677 silly audit   jiti: [ '2.7.0' ],
677 silly audit   'js-tokens': [ '4.0.0' ],
677 silly audit   'js-yaml': [ '4.1.1' ],
677 silly audit   jsesc: [ '3.1.0' ],
677 silly audit   'json-buffer': [ '3.0.1' ],
677 silly audit   'json-schema-traverse': [ '0.4.1', '1.0.0' ],
677 silly audit   'json-stable-stringify-without-jsonify': [ '1.0.1' ],
677 silly audit   json5: [ '2.2.3', '1.0.2' ],
677 silly audit   'jsx-ast-utils': [ '3.3.5' ],
677 silly audit   keyv: [ '4.5.4' ],
677 silly audit   'language-subtag-registry': [ '0.3.23' ],
677 silly audit   'language-tags': [ '1.0.9' ],
677 silly audit   levn: [ '0.4.1' ],
677 silly audit   lightningcss: [ '1.32.0' ],
677 silly audit   'lightningcss-android-arm64': [ '1.32.0' ],
677 silly audit   'lightningcss-darwin-arm64': [ '1.32.0' ],
677 silly audit   'lightningcss-darwin-x64': [ '1.32.0' ],
677 silly audit   'lightningcss-freebsd-x64': [ '1.32.0' ],
677 silly audit   'lightningcss-linux-arm-gnueabihf': [ '1.32.0' ],
677 silly audit   'lightningcss-linux-arm64-gnu': [ '1.32.0' ],
677 silly audit   'lightningcss-linux-arm64-musl': [ '1.32.0' ],
677 silly audit   'lightningcss-linux-x64-gnu': [ '1.32.0' ],
677 silly audit   'lightningcss-linux-x64-musl': [ '1.32.0' ],
677 silly audit   'lightningcss-win32-arm64-msvc': [ '1.32.0' ],
677 silly audit   'lightningcss-win32-x64-msvc': [ '1.32.0' ],
677 silly audit   'locate-path': [ '6.0.0' ],
677 silly audit   'lodash.merge': [ '4.6.2' ],
677 silly audit   'loose-envify': [ '1.4.0' ],
677 silly audit   'lru-cache': [ '5.1.1', '6.0.0' ],
677 silly audit   'magic-string': [ '0.30.21' ],
677 silly audit   'math-intrinsics': [ '1.1.0' ],
677 silly audit   merge2: [ '1.4.1' ],
677 silly audit   micromatch: [ '4.0.8' ],
677 silly audit   minimist: [ '1.2.8' ],
677 silly audit   ms: [ '2.1.3' ],
677 silly audit   nanoid: [ '3.3.12' ],
677 silly audit   'napi-postinstall': [ '0.3.4' ],
677 silly audit   'natural-compare': [ '1.4.0' ],
677 silly audit   next: [ '16.2.6' ],
677 silly audit   postcss: [ '8.4.31', '8.5.14' ],
677 silly audit   'node-exports-info': [ '1.6.0' ],
677 silly audit   'node-releases': [ '2.0.44' ],
677 silly audit   'object-assign': [ '4.1.1' ],
677 silly audit   'object-inspect': [ '1.13.4' ],
677 silly audit   'object-keys': [ '1.1.1' ],
677 silly audit   'object.assign': [ '4.1.7' ],
677 silly audit   'object.entries': [ '1.1.9' ],
677 silly audit   'object.fromentries': [ '2.0.8' ],
677 silly audit   'object.groupby': [ '1.0.3' ],
677 silly audit   'object.values': [ '1.2.1' ],
677 silly audit   optionator: [ '0.9.4' ],
677 silly audit   'own-keys': [ '1.0.1' ],
677 silly audit   'p-limit': [ '3.1.0' ],
677 silly audit   'p-locate': [ '5.0.0' ],
677 silly audit   'parent-module': [ '1.0.1' ],
677 silly audit   'path-exists': [ '4.0.0' ],
677 silly audit   'path-key': [ '3.1.1' ],
677 silly audit   'path-parse': [ '1.0.7' ],
677 silly audit   picocolors: [ '1.1.1' ],
677 silly audit   picomatch: [ '2.3.2', '4.0.4' ],
677 silly audit   'possible-typed-array-names': [ '1.1.0' ],
677 silly audit   'prelude-ls': [ '1.2.1' ],
677 silly audit   'prop-types': [ '15.8.1' ],
677 silly audit   punycode: [ '2.3.1' ],
677 silly audit   'queue-microtask': [ '1.2.3' ],
677 silly audit   react: [ '19.2.4' ],
677 silly audit   'react-dom': [ '19.2.4' ],
677 silly audit   'react-is': [ '16.13.1' ],
677 silly audit   'reflect.getprototypeof': [ '1.0.10' ],
677 silly audit   'regexp.prototype.flags': [ '1.5.4' ],
677 silly audit   resolve: [ '2.0.0-next.7' ],
677 silly audit   'resolve-from': [ '4.0.0' ],
677 silly audit   'resolve-pkg-maps': [ '1.0.0' ],
677 silly audit   reusify: [ '1.1.0' ],
677 silly audit   'run-parallel': [ '1.2.0' ],
677 silly audit   'safe-array-concat': [ '1.1.4' ],
677 silly audit   'safe-push-apply': [ '1.0.0' ],
677 silly audit   'safe-regex-test': [ '1.1.0' ],
677 silly audit   scheduler: [ '0.27.0' ],
677 silly audit   'set-function-length': [ '1.2.2' ],
677 silly audit   'set-function-name': [ '2.0.2' ],
677 silly audit   'set-proto': [ '1.0.0' ],
677 silly audit   sharp: [ '0.34.5' ],
677 silly audit   'shebang-command': [ '2.0.0' ],
677 silly audit   'shebang-regex': [ '3.0.0' ],
677 silly audit   'side-channel': [ '1.1.0' ],
677 silly audit   'side-channel-list': [ '1.0.1' ],
677 silly audit   'side-channel-map': [ '1.0.1' ],
677 silly audit   'side-channel-weakmap': [ '1.0.2' ],
677 silly audit   'source-map-js': [ '1.2.1' ],
677 silly audit   'stable-hash': [ '0.0.5' ],
677 silly audit   'stop-iteration-iterator': [ '1.1.0' ],
677 silly audit   'string.prototype.includes': [ '2.0.1' ],
677 silly audit   'string.prototype.matchall': [ '4.0.12' ],
677 silly audit   'string.prototype.repeat': [ '1.0.0' ],
677 silly audit   'string.prototype.trim': [ '1.2.10' ],
677 silly audit   'string.prototype.trimend': [ '1.0.9' ],
677 silly audit   'string.prototype.trimstart': [ '1.0.8' ],
677 silly audit   'strip-bom': [ '3.0.0' ],
677 silly audit   'strip-json-comments': [ '3.1.1' ],
677 silly audit   'styled-jsx': [ '5.1.6' ],
677 silly audit   'supports-color': [ '7.2.0' ],
677 silly audit   'supports-preserve-symlinks-flag': [ '1.0.0' ],
677 silly audit   tailwindcss: [ '4.3.0' ],
677 silly audit   tapable: [ '2.3.3' ],
677 silly audit   tinyglobby: [ '0.2.16' ],
677 silly audit   fdir: [ '6.5.0' ],
677 silly audit   'to-regex-range': [ '5.0.1' ],
677 silly audit   'ts-api-utils': [ '2.5.0' ],
677 silly audit   'tsconfig-paths': [ '3.15.0' ],
677 silly audit   tslib: [ '2.8.1' ],
677 silly audit   'type-check': [ '0.4.0' ],
677 silly audit   'typed-array-buffer': [ '1.0.3' ],
677 silly audit   'typed-array-byte-length': [ '1.0.3' ],
677 silly audit   'typed-array-byte-offset': [ '1.0.4' ],
677 silly audit   'typed-array-length': [ '1.0.7' ],
677 silly audit   typescript: [ '5.9.3' ],
677 silly audit   'typescript-eslint': [ '8.59.3' ],
677 silly audit   'unbox-primitive': [ '1.1.0' ],
677 silly audit   'undici-types': [ '6.21.0' ],
677 silly audit   'unrs-resolver': [ '1.11.1' ],
677 silly audit   'update-browserslist-db': [ '1.2.3' ],
677 silly audit   'uri-js': [ '4.4.1' ],
677 silly audit   which: [ '2.0.2' ],
677 silly audit   'which-boxed-primitive': [ '1.1.1' ],
677 silly audit   'which-builtin-type': [ '1.2.1' ],
677 silly audit   'which-collection': [ '1.0.2' ],
677 silly audit   'which-typed-array': [ '1.1.20' ],
677 silly audit   'word-wrap': [ '1.2.5' ],
677 silly audit   yallist: [ '3.1.1', '4.0.0' ],
677 silly audit   'yocto-queue': [ '0.1.0' ],
677 silly audit   zod: [ '4.4.3' ],
677 silly audit   'zod-validation-error': [ '4.0.2' ],
677 silly audit   '@auth/prisma-adapter': [ '2.11.2' ],
677 silly audit   '@prisma/client': [ '7.8.0' ],
677 silly audit   bcryptjs: [ '3.0.3' ],
677 silly audit   'next-auth': [ '4.24.14' ],
677 silly audit   prisma: [ '7.8.0' ],
677 silly audit   '@panva/hkdf': [ '1.2.1' ],
677 silly audit   preact: [ '10.24.3', '10.11.3' ],
677 silly audit   '@prisma/client-runtime-utils': [ '7.8.0' ],
677 silly audit   '@auth/core': [ '0.34.3', '0.41.2' ],
677 silly audit   '@babel/runtime': [ '7.29.2' ],
677 silly audit   cookie: [ '0.7.2', '0.6.0' ],
677 silly audit   jose: [ '4.15.9', '5.10.0', '6.2.3' ],
677 silly audit   oauth: [ '0.9.15' ],
677 silly audit   'openid-client': [ '5.7.1' ],
677 silly audit   'preact-render-to-string': [ '5.2.6', '5.2.3', '6.5.11' ],
677 silly audit   uuid: [ '8.3.2' ],
677 silly audit   '@types/cookie': [ '0.6.0' ],
677 silly audit   oauth4webapi: [ '2.17.0', '3.8.6' ],
677 silly audit   'object-hash': [ '2.2.0' ],
677 silly audit   'oidc-token-hash': [ '5.2.0' ],
677 silly audit   'pretty-format': [ '3.8.0' ],
677 silly audit   '@prisma/config': [ '7.8.0' ],
677 silly audit   '@prisma/dev': [ '0.24.3' ],
677 silly audit   '@prisma/engines': [ '7.8.0' ],
677 silly audit   '@prisma/studio-core': [ '0.27.3' ],
677 silly audit   mysql2: [ '3.15.3' ],
677 silly audit   postgres: [ '3.4.7' ],
677 silly audit   c12: [ '3.3.4' ],
677 silly audit   'deepmerge-ts': [ '7.1.5' ],
677 silly audit   effect: [ '3.20.0' ],
677 silly audit   empathic: [ '2.0.0' ],
677 silly audit   '@electric-sql/pglite': [ '0.4.1' ],
677 silly audit   '@electric-sql/pglite-socket': [ '0.1.1' ],
677 silly audit   '@electric-sql/pglite-tools': [ '0.3.1' ],
677 silly audit   '@hono/node-server': [ '1.19.11' ],
677 silly audit   hono: [ '4.12.19' ],
677 silly audit   '@prisma/get-platform': [ '7.2.0', '7.8.0' ],
677 silly audit   '@prisma/query-plan-executor': [ '7.2.0' ],
677 silly audit   '@prisma/streams-local': [ '0.1.2' ],
677 silly audit   'foreground-child': [ '3.3.1' ],
677 silly audit   'get-port-please': [ '3.2.0' ],
677 silly audit   'http-status-codes': [ '2.3.0' ],
677 silly audit   pathe: [ '2.0.3' ],
677 silly audit   'proper-lockfile': [ '4.1.2' ],
677 silly audit   remeda: [ '2.33.4' ],
677 silly audit   'std-env': [ '3.10.0' ],
677 silly audit   valibot: [ '1.2.0' ],
677 silly audit   zeptomatch: [ '2.1.0' ],
677 silly audit   '@prisma/debug': [ '7.8.0', '7.2.0' ],
677 silly audit   '@prisma/engines-version': [ '7.8.0-6.3c6e192761c0362d496ed980de936e2f3cebcd3a' ],
677 silly audit   '@prisma/fetch-engine': [ '7.8.0' ],
677 silly audit   'better-result': [ '2.9.2' ],
677 silly audit   'env-paths': [ '3.0.0' ],
677 silly audit   '@radix-ui/react-toggle': [ '1.1.10' ],
677 silly audit   'chart.js': [ '4.5.1' ],
677 silly audit   '@radix-ui/primitive': [ '1.1.3' ],
677 silly audit   '@radix-ui/react-primitive': [ '2.1.3' ],
677 silly audit   '@radix-ui/react-use-controllable-state': [ '1.2.2' ],
677 silly audit   '@radix-ui/react-slot': [ '1.2.3' ],
677 silly audit   '@radix-ui/react-compose-refs': [ '1.1.2' ],
677 silly audit   '@radix-ui/react-use-effect-event': [ '0.0.2' ],
677 silly audit   '@radix-ui/react-use-layout-effect': [ '1.1.1' ],
677 silly audit   chokidar: [ '5.0.0' ],
677 silly audit   confbox: [ '0.2.4' ],
677 silly audit   defu: [ '6.1.7' ],
677 silly audit   dotenv: [ '17.4.2' ],
677 silly audit   exsolve: [ '1.0.8' ],
677 silly audit   giget: [ '3.2.0' ],
677 silly audit   ohash: [ '2.0.11' ],
677 silly audit   'perfect-debounce': [ '2.1.0' ],
677 silly audit   'pkg-types': [ '2.3.1' ],
677 silly audit   rc9: [ '3.0.1' ],
677 silly audit   '@kurkle/color': [ '0.3.4' ],
677 silly audit   readdirp: [ '5.0.0' ],
677 silly audit   '@standard-schema/spec': [ '1.1.0' ],
677 silly audit   'fast-check': [ '3.23.2' ],
677 silly audit   'pure-rand': [ '6.1.0' ],
677 silly audit   'signal-exit': [ '4.1.0', '3.0.7' ],
677 silly audit   'aws-ssl-profiles': [ '1.1.2' ],
677 silly audit   denque: [ '2.1.0' ],
677 silly audit   'generate-function': [ '2.3.1' ],
677 silly audit   'iconv-lite': [ '0.7.2' ],
677 silly audit   long: [ '5.3.2' ],
677 silly audit   'lru.min': [ '1.1.4' ],
677 silly audit   'named-placeholders': [ '1.1.6' ],
677 silly audit   'seq-queue': [ '0.0.5' ],
677 silly audit   sqlstring: [ '2.3.3' ],
677 silly audit   'is-property': [ '1.0.2' ],
677 silly audit   'safer-buffer': [ '2.1.2' ],
677 silly audit   retry: [ '0.12.0' ],
677 silly audit   destr: [ '2.0.5' ],
677 silly audit   grammex: [ '3.1.12' ],
677 silly audit   graphmatch: [ '1.1.1' ],
677 silly audit   'fast-uri': [ '3.1.2' ],
677 silly audit   'require-from-string': [ '2.0.2' ],
677 silly audit   '@tailwindcss/oxide-wasm32-wasi': [ '4.3.0' ]
677 silly audit }
678 verbose reify failed optional dependency C:\Users\CASH\projects\soko\node_modules\lightningcss-win32-arm64-msvc
679 silly reify mark deleted [
679 silly reify   'C:\\Users\\CASH\\projects\\soko\\node_modules\\lightningcss-win32-arm64-msvc'
679 silly reify ]
680 verbose reify failed optional dependency C:\Users\CASH\projects\soko\node_modules\lightningcss-linux-x64-musl
681 silly reify mark deleted [
681 silly reify   'C:\\Users\\CASH\\projects\\soko\\node_modules\\lightningcss-linux-x64-musl'
681 silly reify ]
682 verbose reify failed optional dependency C:\Users\CASH\projects\soko\node_modules\lightningcss-linux-x64-gnu
683 silly reify mark deleted [
683 silly reify   'C:\\Users\\CASH\\projects\\soko\\node_modules\\lightningcss-linux-x64-gnu'
683 silly reify ]
684 verbose reify failed optional dependency C:\Users\CASH\projects\soko\node_modules\lightningcss-linux-arm64-musl
685 silly reify mark deleted [
685 silly reify   'C:\\Users\\CASH\\projects\\soko\\node_modules\\lightningcss-linux-arm64-musl'
685 silly reify ]
686 verbose reify failed optional dependency C:\Users\CASH\projects\soko\node_modules\lightningcss-linux-arm64-gnu
687 silly reify mark deleted [
687 silly reify   'C:\\Users\\CASH\\projects\\soko\\node_modules\\lightningcss-linux-arm64-gnu'
687 silly reify ]
688 verbose reify failed optional dependency C:\Users\CASH\projects\soko\node_modules\lightningcss-linux-arm-gnueabihf
689 silly reify mark deleted [
689 silly reify   'C:\\Users\\CASH\\projects\\soko\\node_modules\\lightningcss-linux-arm-gnueabihf'
689 silly reify ]
690 verbose reify failed optional dependency C:\Users\CASH\projects\soko\node_modules\lightningcss-freebsd-x64
691 silly reify mark deleted [
691 silly reify   'C:\\Users\\CASH\\projects\\soko\\node_modules\\lightningcss-freebsd-x64'
691 silly reify ]
692 verbose reify failed optional dependency C:\Users\CASH\projects\soko\node_modules\lightningcss-darwin-x64
693 silly reify mark deleted [
693 silly reify   'C:\\Users\\CASH\\projects\\soko\\node_modules\\lightningcss-darwin-x64'
693 silly reify ]
694 verbose reify failed optional dependency C:\Users\CASH\projects\soko\node_modules\lightningcss-darwin-arm64
695 silly reify mark deleted [
695 silly reify   'C:\\Users\\CASH\\projects\\soko\\node_modules\\lightningcss-darwin-arm64'
695 silly reify ]
696 verbose reify failed optional dependency C:\Users\CASH\projects\soko\node_modules\lightningcss-android-arm64
697 silly reify mark deleted [
697 silly reify   'C:\\Users\\CASH\\projects\\soko\\node_modules\\lightningcss-android-arm64'
697 silly reify ]
698 verbose reify failed optional dependency C:\Users\CASH\projects\soko\node_modules\@unrs\resolver-binding-win32-ia32-msvc
699 silly reify mark deleted [
699 silly reify   'C:\\Users\\CASH\\projects\\soko\\node_modules\\@unrs\\resolver-binding-win32-ia32-msvc'
699 silly reify ]
700 verbose reify failed optional dependency C:\Users\CASH\projects\soko\node_modules\@unrs\resolver-binding-win32-arm64-msvc
701 silly reify mark deleted [
701 silly reify   'C:\\Users\\CASH\\projects\\soko\\node_modules\\@unrs\\resolver-binding-win32-arm64-msvc'
701 silly reify ]
702 verbose reify failed optional dependency C:\Users\CASH\projects\soko\node_modules\@unrs\resolver-binding-wasm32-wasi
703 silly reify mark deleted [
703 silly reify   'C:\\Users\\CASH\\projects\\soko\\node_modules\\@unrs\\resolver-binding-wasm32-wasi'
703 silly reify ]
704 verbose reify failed optional dependency C:\Users\CASH\projects\soko\node_modules\@unrs\resolver-binding-linux-x64-musl
705 silly reify mark deleted [
705 silly reify   'C:\\Users\\CASH\\projects\\soko\\node_modules\\@unrs\\resolver-binding-linux-x64-musl'
705 silly reify ]
706 verbose reify failed optional dependency C:\Users\CASH\projects\soko\node_modules\@unrs\resolver-binding-linux-x64-gnu
707 silly reify mark deleted [
707 silly reify   'C:\\Users\\CASH\\projects\\soko\\node_modules\\@unrs\\resolver-binding-linux-x64-gnu'
707 silly reify ]
708 verbose reify failed optional dependency C:\Users\CASH\projects\soko\node_modules\@unrs\resolver-binding-linux-s390x-gnu
709 silly reify mark deleted [
709 silly reify   'C:\\Users\\CASH\\projects\\soko\\node_modules\\@unrs\\resolver-binding-linux-s390x-gnu'
709 silly reify ]
710 verbose reify failed optional dependency C:\Users\CASH\projects\soko\node_modules\@unrs\resolver-binding-linux-riscv64-musl
711 silly reify mark deleted [
711 silly reify   'C:\\Users\\CASH\\projects\\soko\\node_modules\\@unrs\\resolver-binding-linux-riscv64-musl'
711 silly reify ]
712 verbose reify failed optional dependency C:\Users\CASH\projects\soko\node_modules\@unrs\resolver-binding-linux-riscv64-gnu
713 silly reify mark deleted [
713 silly reify   'C:\\Users\\CASH\\projects\\soko\\node_modules\\@unrs\\resolver-binding-linux-riscv64-gnu'
713 silly reify ]
714 verbose reify failed optional dependency C:\Users\CASH\projects\soko\node_modules\@unrs\resolver-binding-linux-ppc64-gnu
715 silly reify mark deleted [
715 silly reify   'C:\\Users\\CASH\\projects\\soko\\node_modules\\@unrs\\resolver-binding-linux-ppc64-gnu'
715 silly reify ]
716 verbose reify failed optional dependency C:\Users\CASH\projects\soko\node_modules\@unrs\resolver-binding-linux-arm64-musl
717 silly reify mark deleted [
717 silly reify   'C:\\Users\\CASH\\projects\\soko\\node_modules\\@unrs\\resolver-binding-linux-arm64-musl'
717 silly reify ]
718 verbose reify failed optional dependency C:\Users\CASH\projects\soko\node_modules\@unrs\resolver-binding-linux-arm64-gnu
719 silly reify mark deleted [
719 silly reify   'C:\\Users\\CASH\\projects\\soko\\node_modules\\@unrs\\resolver-binding-linux-arm64-gnu'
719 silly reify ]
720 verbose reify failed optional dependency C:\Users\CASH\projects\soko\node_modules\@unrs\resolver-binding-linux-arm-musleabihf
721 silly reify mark deleted [
721 silly reify   'C:\\Users\\CASH\\projects\\soko\\node_modules\\@unrs\\resolver-binding-linux-arm-musleabihf'
721 silly reify ]
722 verbose reify failed optional dependency C:\Users\CASH\projects\soko\node_modules\@unrs\resolver-binding-linux-arm-gnueabihf
723 silly reify mark deleted [
723 silly reify   'C:\\Users\\CASH\\projects\\soko\\node_modules\\@unrs\\resolver-binding-linux-arm-gnueabihf'
723 silly reify ]
724 verbose reify failed optional dependency C:\Users\CASH\projects\soko\node_modules\@unrs\resolver-binding-freebsd-x64
725 silly reify mark deleted [
725 silly reify   'C:\\Users\\CASH\\projects\\soko\\node_modules\\@unrs\\resolver-binding-freebsd-x64'
725 silly reify ]
726 verbose reify failed optional dependency C:\Users\CASH\projects\soko\node_modules\@unrs\resolver-binding-darwin-x64
727 silly reify mark deleted [
727 silly reify   'C:\\Users\\CASH\\projects\\soko\\node_modules\\@unrs\\resolver-binding-darwin-x64'
727 silly reify ]
728 verbose reify failed optional dependency C:\Users\CASH\projects\soko\node_modules\@unrs\resolver-binding-darwin-arm64
729 silly reify mark deleted [
729 silly reify   'C:\\Users\\CASH\\projects\\soko\\node_modules\\@unrs\\resolver-binding-darwin-arm64'
729 silly reify ]
730 verbose reify failed optional dependency C:\Users\CASH\projects\soko\node_modules\@unrs\resolver-binding-android-arm64
731 silly reify mark deleted [
731 silly reify   'C:\\Users\\CASH\\projects\\soko\\node_modules\\@unrs\\resolver-binding-android-arm64'
731 silly reify ]
732 verbose reify failed optional dependency C:\Users\CASH\projects\soko\node_modules\@unrs\resolver-binding-android-arm-eabi
733 silly reify mark deleted [
733 silly reify   'C:\\Users\\CASH\\projects\\soko\\node_modules\\@unrs\\resolver-binding-android-arm-eabi'
733 silly reify ]
734 verbose reify failed optional dependency C:\Users\CASH\projects\soko\node_modules\@tailwindcss\oxide-win32-arm64-msvc
735 silly reify mark deleted [
735 silly reify   'C:\\Users\\CASH\\projects\\soko\\node_modules\\@tailwindcss\\oxide-win32-arm64-msvc'
735 silly reify ]
736 verbose reify failed optional dependency C:\Users\CASH\projects\soko\node_modules\@tailwindcss\oxide-linux-x64-musl
737 silly reify mark deleted [
737 silly reify   'C:\\Users\\CASH\\projects\\soko\\node_modules\\@tailwindcss\\oxide-linux-x64-musl'
737 silly reify ]
738 verbose reify failed optional dependency C:\Users\CASH\projects\soko\node_modules\@tailwindcss\oxide-linux-x64-gnu
739 silly reify mark deleted [
739 silly reify   'C:\\Users\\CASH\\projects\\soko\\node_modules\\@tailwindcss\\oxide-linux-x64-gnu'
739 silly reify ]
740 verbose reify failed optional dependency C:\Users\CASH\projects\soko\node_modules\@tailwindcss\oxide-linux-arm64-musl
741 silly reify mark deleted [
741 silly reify   'C:\\Users\\CASH\\projects\\soko\\node_modules\\@tailwindcss\\oxide-linux-arm64-musl'
741 silly reify ]
742 verbose reify failed optional dependency C:\Users\CASH\projects\soko\node_modules\@tailwindcss\oxide-linux-arm64-gnu
743 silly reify mark deleted [
743 silly reify   'C:\\Users\\CASH\\projects\\soko\\node_modules\\@tailwindcss\\oxide-linux-arm64-gnu'
743 silly reify ]
744 verbose reify failed optional dependency C:\Users\CASH\projects\soko\node_modules\@tailwindcss\oxide-linux-arm-gnueabihf
745 silly reify mark deleted [
745 silly reify   'C:\\Users\\CASH\\projects\\soko\\node_modules\\@tailwindcss\\oxide-linux-arm-gnueabihf'
745 silly reify ]
746 verbose reify failed optional dependency C:\Users\CASH\projects\soko\node_modules\@tailwindcss\oxide-freebsd-x64
747 silly reify mark deleted [
747 silly reify   'C:\\Users\\CASH\\projects\\soko\\node_modules\\@tailwindcss\\oxide-freebsd-x64'
747 silly reify ]
748 verbose reify failed optional dependency C:\Users\CASH\projects\soko\node_modules\@tailwindcss\oxide-darwin-x64
749 silly reify mark deleted [
749 silly reify   'C:\\Users\\CASH\\projects\\soko\\node_modules\\@tailwindcss\\oxide-darwin-x64'
749 silly reify ]
750 verbose reify failed optional dependency C:\Users\CASH\projects\soko\node_modules\@tailwindcss\oxide-darwin-arm64
751 silly reify mark deleted [
751 silly reify   'C:\\Users\\CASH\\projects\\soko\\node_modules\\@tailwindcss\\oxide-darwin-arm64'
751 silly reify ]
752 verbose reify failed optional dependency C:\Users\CASH\projects\soko\node_modules\@tailwindcss\oxide-android-arm64
753 silly reify mark deleted [
753 silly reify   'C:\\Users\\CASH\\projects\\soko\\node_modules\\@tailwindcss\\oxide-android-arm64'
753 silly reify ]
754 verbose reify failed optional dependency C:\Users\CASH\projects\soko\node_modules\@next\swc-win32-arm64-msvc
755 silly reify mark deleted [
755 silly reify   'C:\\Users\\CASH\\projects\\soko\\node_modules\\@next\\swc-win32-arm64-msvc'
755 silly reify ]
756 verbose reify failed optional dependency C:\Users\CASH\projects\soko\node_modules\@next\swc-linux-x64-musl
757 silly reify mark deleted [
757 silly reify   'C:\\Users\\CASH\\projects\\soko\\node_modules\\@next\\swc-linux-x64-musl'
757 silly reify ]
758 verbose reify failed optional dependency C:\Users\CASH\projects\soko\node_modules\@next\swc-linux-x64-gnu
759 silly reify mark deleted [
759 silly reify   'C:\\Users\\CASH\\projects\\soko\\node_modules\\@next\\swc-linux-x64-gnu'
759 silly reify ]
760 verbose reify failed optional dependency C:\Users\CASH\projects\soko\node_modules\@next\swc-linux-arm64-musl
761 silly reify mark deleted [
761 silly reify   'C:\\Users\\CASH\\projects\\soko\\node_modules\\@next\\swc-linux-arm64-musl'
761 silly reify ]
762 verbose reify failed optional dependency C:\Users\CASH\projects\soko\node_modules\@next\swc-linux-arm64-gnu
763 silly reify mark deleted [
763 silly reify   'C:\\Users\\CASH\\projects\\soko\\node_modules\\@next\\swc-linux-arm64-gnu'
763 silly reify ]
764 verbose reify failed optional dependency C:\Users\CASH\projects\soko\node_modules\@next\swc-darwin-x64
765 silly reify mark deleted [
765 silly reify   'C:\\Users\\CASH\\projects\\soko\\node_modules\\@next\\swc-darwin-x64'
765 silly reify ]
766 verbose reify failed optional dependency C:\Users\CASH\projects\soko\node_modules\@next\swc-darwin-arm64
767 silly reify mark deleted [
767 silly reify   'C:\\Users\\CASH\\projects\\soko\\node_modules\\@next\\swc-darwin-arm64'
767 silly reify ]
768 verbose reify failed optional dependency C:\Users\CASH\projects\soko\node_modules\@img\sharp-win32-ia32
769 silly reify mark deleted [
769 silly reify   'C:\\Users\\CASH\\projects\\soko\\node_modules\\@img\\sharp-win32-ia32'
769 silly reify ]
770 verbose reify failed optional dependency C:\Users\CASH\projects\soko\node_modules\@img\sharp-win32-arm64
771 silly reify mark deleted [
771 silly reify   'C:\\Users\\CASH\\projects\\soko\\node_modules\\@img\\sharp-win32-arm64'
771 silly reify ]
772 verbose reify failed optional dependency C:\Users\CASH\projects\soko\node_modules\@img\sharp-wasm32
773 silly reify mark deleted [ 'C:\\Users\\CASH\\projects\\soko\\node_modules\\@img\\sharp-wasm32' ]
774 verbose reify failed optional dependency C:\Users\CASH\projects\soko\node_modules\@img\sharp-linuxmusl-x64
775 silly reify mark deleted [
775 silly reify   'C:\\Users\\CASH\\projects\\soko\\node_modules\\@img\\sharp-linuxmusl-x64'
775 silly reify ]
776 verbose reify failed optional dependency C:\Users\CASH\projects\soko\node_modules\@img\sharp-linuxmusl-arm64
777 silly reify mark deleted [
777 silly reify   'C:\\Users\\CASH\\projects\\soko\\node_modules\\@img\\sharp-linuxmusl-arm64'
777 silly reify ]
778 verbose reify failed optional dependency C:\Users\CASH\projects\soko\node_modules\@img\sharp-linux-x64
779 silly reify mark deleted [
779 silly reify   'C:\\Users\\CASH\\projects\\soko\\node_modules\\@img\\sharp-linux-x64'
779 silly reify ]
780 verbose reify failed optional dependency C:\Users\CASH\projects\soko\node_modules\@img\sharp-linux-s390x
781 silly reify mark deleted [
781 silly reify   'C:\\Users\\CASH\\projects\\soko\\node_modules\\@img\\sharp-linux-s390x'
781 silly reify ]
782 verbose reify failed optional dependency C:\Users\CASH\projects\soko\node_modules\@img\sharp-linux-riscv64
783 silly reify mark deleted [
783 silly reify   'C:\\Users\\CASH\\projects\\soko\\node_modules\\@img\\sharp-linux-riscv64'
783 silly reify ]
784 verbose reify failed optional dependency C:\Users\CASH\projects\soko\node_modules\@img\sharp-linux-ppc64
785 silly reify mark deleted [
785 silly reify   'C:\\Users\\CASH\\projects\\soko\\node_modules\\@img\\sharp-linux-ppc64'
785 silly reify ]
786 verbose reify failed optional dependency C:\Users\CASH\projects\soko\node_modules\@img\sharp-linux-arm64
787 silly reify mark deleted [
787 silly reify   'C:\\Users\\CASH\\projects\\soko\\node_modules\\@img\\sharp-linux-arm64'
787 silly reify ]
788 verbose reify failed optional dependency C:\Users\CASH\projects\soko\node_modules\@img\sharp-linux-arm
789 silly reify mark deleted [
789 silly reify   'C:\\Users\\CASH\\projects\\soko\\node_modules\\@img\\sharp-linux-arm'
789 silly reify ]
790 verbose reify failed optional dependency C:\Users\CASH\projects\soko\node_modules\@img\sharp-libvips-linuxmusl-x64
791 silly reify mark deleted [
791 silly reify   'C:\\Users\\CASH\\projects\\soko\\node_modules\\@img\\sharp-libvips-linuxmusl-x64'
791 silly reify ]
792 verbose reify failed optional dependency C:\Users\CASH\projects\soko\node_modules\@img\sharp-libvips-linuxmusl-arm64
793 silly reify mark deleted [
793 silly reify   'C:\\Users\\CASH\\projects\\soko\\node_modules\\@img\\sharp-libvips-linuxmusl-arm64'
793 silly reify ]
794 verbose reify failed optional dependency C:\Users\CASH\projects\soko\node_modules\@img\sharp-libvips-linux-x64
795 silly reify mark deleted [
795 silly reify   'C:\\Users\\CASH\\projects\\soko\\node_modules\\@img\\sharp-libvips-linux-x64'
795 silly reify ]
796 verbose reify failed optional dependency C:\Users\CASH\projects\soko\node_modules\@img\sharp-libvips-linux-s390x
797 silly reify mark deleted [
797 silly reify   'C:\\Users\\CASH\\projects\\soko\\node_modules\\@img\\sharp-libvips-linux-s390x'
797 silly reify ]
798 verbose reify failed optional dependency C:\Users\CASH\projects\soko\node_modules\@img\sharp-libvips-linux-riscv64
799 silly reify mark deleted [
799 silly reify   'C:\\Users\\CASH\\projects\\soko\\node_modules\\@img\\sharp-libvips-linux-riscv64'
799 silly reify ]
800 verbose reify failed optional dependency C:\Users\CASH\projects\soko\node_modules\@img\sharp-libvips-linux-ppc64
801 silly reify mark deleted [
801 silly reify   'C:\\Users\\CASH\\projects\\soko\\node_modules\\@img\\sharp-libvips-linux-ppc64'
801 silly reify ]
802 verbose reify failed optional dependency C:\Users\CASH\projects\soko\node_modules\@img\sharp-libvips-linux-arm64
803 silly reify mark deleted [
803 silly reify   'C:\\Users\\CASH\\projects\\soko\\node_modules\\@img\\sharp-libvips-linux-arm64'
803 silly reify ]
804 verbose reify failed optional dependency C:\Users\CASH\projects\soko\node_modules\@img\sharp-libvips-linux-arm
805 silly reify mark deleted [
805 silly reify   'C:\\Users\\CASH\\projects\\soko\\node_modules\\@img\\sharp-libvips-linux-arm'
805 silly reify ]
806 verbose reify failed optional dependency C:\Users\CASH\projects\soko\node_modules\@img\sharp-libvips-darwin-x64
807 silly reify mark deleted [
807 silly reify   'C:\\Users\\CASH\\projects\\soko\\node_modules\\@img\\sharp-libvips-darwin-x64'
807 silly reify ]
808 verbose reify failed optional dependency C:\Users\CASH\projects\soko\node_modules\@img\sharp-libvips-darwin-arm64
809 silly reify mark deleted [
809 silly reify   'C:\\Users\\CASH\\projects\\soko\\node_modules\\@img\\sharp-libvips-darwin-arm64'
809 silly reify ]
810 verbose reify failed optional dependency C:\Users\CASH\projects\soko\node_modules\@img\sharp-darwin-x64
811 silly reify mark deleted [
811 silly reify   'C:\\Users\\CASH\\projects\\soko\\node_modules\\@img\\sharp-darwin-x64'
811 silly reify ]
812 verbose reify failed optional dependency C:\Users\CASH\projects\soko\node_modules\@img\sharp-darwin-arm64
813 silly reify mark deleted [
813 silly reify   'C:\\Users\\CASH\\projects\\soko\\node_modules\\@img\\sharp-darwin-arm64'
813 silly reify ]
814 http cache require-from-string@https://registry.npmjs.org/require-from-string/-/require-from-string-2.0.2.tgz 0ms (cache hit)
815 http cache fast-uri@https://registry.npmjs.org/fast-uri/-/fast-uri-3.1.2.tgz 0ms (cache hit)
816 http cache graphmatch@https://registry.npmjs.org/graphmatch/-/graphmatch-1.1.1.tgz 0ms (cache hit)
817 http cache grammex@https://registry.npmjs.org/grammex/-/grammex-3.1.12.tgz 0ms (cache hit)
818 http cache destr@https://registry.npmjs.org/destr/-/destr-2.0.5.tgz 0ms (cache hit)
819 http cache safer-buffer@https://registry.npmjs.org/safer-buffer/-/safer-buffer-2.1.2.tgz 0ms (cache hit)
820 http cache retry@https://registry.npmjs.org/retry/-/retry-0.12.0.tgz 0ms (cache hit)
821 http cache is-property@https://registry.npmjs.org/is-property/-/is-property-1.0.2.tgz 0ms (cache hit)
822 http cache sqlstring@https://registry.npmjs.org/sqlstring/-/sqlstring-2.3.3.tgz 0ms (cache hit)
823 http cache seq-queue@https://registry.npmjs.org/seq-queue/-/seq-queue-0.0.5.tgz 0ms (cache hit)
824 http cache named-placeholders@https://registry.npmjs.org/named-placeholders/-/named-placeholders-1.1.6.tgz 0ms (cache hit)
825 http cache lru.min@https://registry.npmjs.org/lru.min/-/lru.min-1.1.4.tgz 0ms (cache hit)
826 http cache long@https://registry.npmjs.org/long/-/long-5.3.2.tgz 0ms (cache hit)
827 http cache iconv-lite@https://registry.npmjs.org/iconv-lite/-/iconv-lite-0.7.2.tgz 1ms (cache hit)
828 http cache generate-function@https://registry.npmjs.org/generate-function/-/generate-function-2.3.1.tgz 0ms (cache hit)
829 http cache denque@https://registry.npmjs.org/denque/-/denque-2.1.0.tgz 0ms (cache hit)
830 http cache aws-ssl-profiles@https://registry.npmjs.org/aws-ssl-profiles/-/aws-ssl-profiles-1.1.2.tgz 0ms (cache hit)
831 http cache signal-exit@https://registry.npmjs.org/signal-exit/-/signal-exit-4.1.0.tgz 1ms (cache hit)
832 http cache pure-rand@https://registry.npmjs.org/pure-rand/-/pure-rand-6.1.0.tgz 0ms (cache hit)
833 http cache fast-check@https://registry.npmjs.org/fast-check/-/fast-check-3.23.2.tgz 0ms (cache hit)
834 http cache readdirp@https://registry.npmjs.org/readdirp/-/readdirp-5.0.0.tgz 0ms (cache hit)
835 http cache @standard-schema/spec@https://registry.npmjs.org/@standard-schema/spec/-/spec-1.1.0.tgz 1ms (cache hit)
836 http cache rc9@https://registry.npmjs.org/rc9/-/rc9-3.0.1.tgz 0ms (cache hit)
837 http cache @kurkle/color@https://registry.npmjs.org/@kurkle/color/-/color-0.3.4.tgz 0ms (cache hit)
838 http cache pkg-types@https://registry.npmjs.org/pkg-types/-/pkg-types-2.3.1.tgz 0ms (cache hit)
839 http cache perfect-debounce@https://registry.npmjs.org/perfect-debounce/-/perfect-debounce-2.1.0.tgz 0ms (cache hit)
840 http cache ohash@https://registry.npmjs.org/ohash/-/ohash-2.0.11.tgz 0ms (cache hit)
841 http cache giget@https://registry.npmjs.org/giget/-/giget-3.2.0.tgz 0ms (cache hit)
842 http cache exsolve@https://registry.npmjs.org/exsolve/-/exsolve-1.0.8.tgz 0ms (cache hit)
843 http cache dotenv@https://registry.npmjs.org/dotenv/-/dotenv-17.4.2.tgz 0ms (cache hit)
844 http cache defu@https://registry.npmjs.org/defu/-/defu-6.1.7.tgz 0ms (cache hit)
845 http cache confbox@https://registry.npmjs.org/confbox/-/confbox-0.2.4.tgz 0ms (cache hit)
846 http cache chokidar@https://registry.npmjs.org/chokidar/-/chokidar-5.0.0.tgz 0ms (cache hit)
847 http cache @radix-ui/react-use-layout-effect@https://registry.npmjs.org/@radix-ui/react-use-layout-effect/-/react-use-layout-effect-1.1.1.tgz 0ms (cache hit)
848 http cache @radix-ui/react-use-effect-event@https://registry.npmjs.org/@radix-ui/react-use-effect-event/-/react-use-effect-event-0.0.2.tgz 0ms (cache hit)
849 http cache @radix-ui/react-compose-refs@https://registry.npmjs.org/@radix-ui/react-compose-refs/-/react-compose-refs-1.1.2.tgz 0ms (cache hit)
850 http cache @radix-ui/react-slot@https://registry.npmjs.org/@radix-ui/react-slot/-/react-slot-1.2.3.tgz 0ms (cache hit)
851 http cache @radix-ui/react-use-controllable-state@https://registry.npmjs.org/@radix-ui/react-use-controllable-state/-/react-use-controllable-state-1.2.2.tgz 0ms (cache hit)
852 http cache @radix-ui/primitive@https://registry.npmjs.org/@radix-ui/primitive/-/primitive-1.1.3.tgz 0ms (cache hit)
853 http cache chart.js@https://registry.npmjs.org/chart.js/-/chart.js-4.5.1.tgz 0ms (cache hit)
854 http cache @radix-ui/react-primitive@https://registry.npmjs.org/@radix-ui/react-primitive/-/react-primitive-2.1.3.tgz 0ms (cache hit)
855 http cache @radix-ui/react-toggle@https://registry.npmjs.org/@radix-ui/react-toggle/-/react-toggle-1.1.10.tgz 0ms (cache hit)
856 http cache env-paths@https://registry.npmjs.org/env-paths/-/env-paths-3.0.0.tgz 0ms (cache hit)
857 http cache better-result@https://registry.npmjs.org/better-result/-/better-result-2.9.2.tgz 0ms (cache hit)
858 http cache @prisma/fetch-engine@https://registry.npmjs.org/@prisma/fetch-engine/-/fetch-engine-7.8.0.tgz 1ms (cache hit)
859 http cache @prisma/debug@https://registry.npmjs.org/@prisma/debug/-/debug-7.8.0.tgz 0ms (cache hit)
860 http cache @prisma/engines-version@https://registry.npmjs.org/@prisma/engines-version/-/engines-version-7.8.0-6.3c6e192761c0362d496ed980de936e2f3cebcd3a.tgz 0ms (cache hit)
861 http cache zeptomatch@https://registry.npmjs.org/zeptomatch/-/zeptomatch-2.1.0.tgz 0ms (cache hit)
862 http cache valibot@https://registry.npmjs.org/valibot/-/valibot-1.2.0.tgz 0ms (cache hit)
863 http cache std-env@https://registry.npmjs.org/std-env/-/std-env-3.10.0.tgz 0ms (cache hit)
864 http cache remeda@https://registry.npmjs.org/remeda/-/remeda-2.33.4.tgz 0ms (cache hit)
865 http cache proper-lockfile@https://registry.npmjs.org/proper-lockfile/-/proper-lockfile-4.1.2.tgz 0ms (cache hit)
866 http cache pathe@https://registry.npmjs.org/pathe/-/pathe-2.0.3.tgz 0ms (cache hit)
867 http cache http-status-codes@https://registry.npmjs.org/http-status-codes/-/http-status-codes-2.3.0.tgz 0ms (cache hit)
868 http cache get-port-please@https://registry.npmjs.org/get-port-please/-/get-port-please-3.2.0.tgz 0ms (cache hit)
869 http cache foreground-child@https://registry.npmjs.org/foreground-child/-/foreground-child-3.3.1.tgz 0ms (cache hit)
870 http cache @prisma/streams-local@https://registry.npmjs.org/@prisma/streams-local/-/streams-local-0.1.2.tgz 0ms (cache hit)
871 http cache @prisma/query-plan-executor@https://registry.npmjs.org/@prisma/query-plan-executor/-/query-plan-executor-7.2.0.tgz 0ms (cache hit)
872 http cache hono@https://registry.npmjs.org/hono/-/hono-4.12.19.tgz 0ms (cache hit)
873 http cache @prisma/get-platform@https://registry.npmjs.org/@prisma/get-platform/-/get-platform-7.2.0.tgz 0ms (cache hit)
874 http cache @hono/node-server@https://registry.npmjs.org/@hono/node-server/-/node-server-1.19.11.tgz 0ms (cache hit)
875 http cache @electric-sql/pglite-tools@https://registry.npmjs.org/@electric-sql/pglite-tools/-/pglite-tools-0.3.1.tgz 0ms (cache hit)
876 http cache @electric-sql/pglite-socket@https://registry.npmjs.org/@electric-sql/pglite-socket/-/pglite-socket-0.1.1.tgz 0ms (cache hit)
877 http cache @electric-sql/pglite@https://registry.npmjs.org/@electric-sql/pglite/-/pglite-0.4.1.tgz 0ms (cache hit)
878 http cache effect@https://registry.npmjs.org/effect/-/effect-3.20.0.tgz 0ms (cache hit)
879 http cache empathic@https://registry.npmjs.org/empathic/-/empathic-2.0.0.tgz 0ms (cache hit)
880 http cache deepmerge-ts@https://registry.npmjs.org/deepmerge-ts/-/deepmerge-ts-7.1.5.tgz 0ms (cache hit)
881 http cache c12@https://registry.npmjs.org/c12/-/c12-3.3.4.tgz 0ms (cache hit)
882 http cache postgres@https://registry.npmjs.org/postgres/-/postgres-3.4.7.tgz 0ms (cache hit)
883 http cache mysql2@https://registry.npmjs.org/mysql2/-/mysql2-3.15.3.tgz 0ms (cache hit)
884 http cache @prisma/studio-core@https://registry.npmjs.org/@prisma/studio-core/-/studio-core-0.27.3.tgz 0ms (cache hit)
885 http cache @prisma/engines@https://registry.npmjs.org/@prisma/engines/-/engines-7.8.0.tgz 0ms (cache hit)
886 http cache @prisma/dev@https://registry.npmjs.org/@prisma/dev/-/dev-0.24.3.tgz 0ms (cache hit)
887 http cache pretty-format@https://registry.npmjs.org/pretty-format/-/pretty-format-3.8.0.tgz 1ms (cache hit)
888 http cache oidc-token-hash@https://registry.npmjs.org/oidc-token-hash/-/oidc-token-hash-5.2.0.tgz 0ms (cache hit)
889 http cache object-hash@https://registry.npmjs.org/object-hash/-/object-hash-2.2.0.tgz 0ms (cache hit)
890 http cache oauth4webapi@https://registry.npmjs.org/oauth4webapi/-/oauth4webapi-2.17.0.tgz 0ms (cache hit)
891 http cache @types/cookie@https://registry.npmjs.org/@types/cookie/-/cookie-0.6.0.tgz 0ms (cache hit)
892 http cache uuid@https://registry.npmjs.org/uuid/-/uuid-8.3.2.tgz 0ms (cache hit)
893 http cache @prisma/config@https://registry.npmjs.org/@prisma/config/-/config-7.8.0.tgz 0ms (cache hit)
894 http cache preact-render-to-string@https://registry.npmjs.org/preact-render-to-string/-/preact-render-to-string-5.2.6.tgz 0ms (cache hit)
895 http cache openid-client@https://registry.npmjs.org/openid-client/-/openid-client-5.7.1.tgz 1ms (cache hit)
896 http cache oauth@https://registry.npmjs.org/oauth/-/oauth-0.9.15.tgz 0ms (cache hit)
897 http cache jose@https://registry.npmjs.org/jose/-/jose-4.15.9.tgz 0ms (cache hit)
898 http cache cookie@https://registry.npmjs.org/cookie/-/cookie-0.7.2.tgz 0ms (cache hit)
899 http cache @babel/runtime@https://registry.npmjs.org/@babel/runtime/-/runtime-7.29.2.tgz 0ms (cache hit)
900 http cache @auth/core@https://registry.npmjs.org/@auth/core/-/core-0.34.3.tgz 0ms (cache hit)
901 http cache @prisma/client-runtime-utils@https://registry.npmjs.org/@prisma/client-runtime-utils/-/client-runtime-utils-7.8.0.tgz 0ms (cache hit)
902 http cache @panva/hkdf@https://registry.npmjs.org/@panva/hkdf/-/hkdf-1.2.1.tgz 0ms (cache hit)
903 http cache prisma@https://registry.npmjs.org/prisma/-/prisma-7.8.0.tgz 0ms (cache hit)
904 http cache preact@https://registry.npmjs.org/preact/-/preact-10.24.3.tgz 0ms (cache hit)
905 http cache next-auth@https://registry.npmjs.org/next-auth/-/next-auth-4.24.14.tgz 0ms (cache hit)
906 http cache @prisma/client@https://registry.npmjs.org/@prisma/client/-/client-7.8.0.tgz 0ms (cache hit)
907 http cache bcryptjs@https://registry.npmjs.org/bcryptjs/-/bcryptjs-3.0.3.tgz 0ms (cache hit)
908 http cache @auth/prisma-adapter@https://registry.npmjs.org/@auth/prisma-adapter/-/prisma-adapter-2.11.2.tgz 0ms (cache hit)
909 http cache signal-exit@https://registry.npmjs.org/signal-exit/-/signal-exit-3.0.7.tgz 0ms (cache hit)
910 http cache ajv@https://registry.npmjs.org/ajv/-/ajv-8.20.0.tgz 0ms (cache hit)
911 http cache @prisma/get-platform@https://registry.npmjs.org/@prisma/get-platform/-/get-platform-7.8.0.tgz 0ms (cache hit)
912 http cache json-schema-traverse@https://registry.npmjs.org/json-schema-traverse/-/json-schema-traverse-1.0.0.tgz 0ms (cache hit)
913 http cache @prisma/debug@https://registry.npmjs.org/@prisma/debug/-/debug-7.2.0.tgz 0ms (cache hit)
914 http cache @prisma/get-platform@https://registry.npmjs.org/@prisma/get-platform/-/get-platform-7.8.0.tgz 0ms (cache hit)
915 http cache yallist@https://registry.npmjs.org/yallist/-/yallist-4.0.0.tgz 0ms (cache hit)
916 http cache lru-cache@https://registry.npmjs.org/lru-cache/-/lru-cache-6.0.0.tgz 0ms (cache hit)
917 http cache preact-render-to-string@https://registry.npmjs.org/preact-render-to-string/-/preact-render-to-string-5.2.3.tgz 0ms (cache hit)
918 http cache cookie@https://registry.npmjs.org/cookie/-/cookie-0.6.0.tgz 0ms (cache hit)
919 http cache preact@https://registry.npmjs.org/preact/-/preact-10.11.3.tgz 0ms (cache hit)
920 http cache jose@https://registry.npmjs.org/jose/-/jose-5.10.0.tgz 0ms (cache hit)
921 http cache preact-render-to-string@https://registry.npmjs.org/preact-render-to-string/-/preact-render-to-string-6.5.11.tgz 0ms (cache hit)
922 http cache oauth4webapi@https://registry.npmjs.org/oauth4webapi/-/oauth4webapi-3.8.6.tgz 0ms (cache hit)
923 http cache jose@https://registry.npmjs.org/jose/-/jose-6.2.3.tgz 0ms (cache hit)
924 silly tarball no local data for require-from-string@https://registry.npmjs.org/require-from-string/-/require-from-string-2.0.2.tgz. Extracting by manifest.
925 http cache @auth/core@https://registry.npmjs.org/@auth/core/-/core-0.41.2.tgz 0ms (cache hit)
926 silly tarball no local data for fast-uri@https://registry.npmjs.org/fast-uri/-/fast-uri-3.1.2.tgz. Extracting by manifest.
927 silly tarball no local data for graphmatch@https://registry.npmjs.org/graphmatch/-/graphmatch-1.1.1.tgz. Extracting by manifest.
928 silly tarball no local data for grammex@https://registry.npmjs.org/grammex/-/grammex-3.1.12.tgz. Extracting by manifest.
929 silly tarball no local data for destr@https://registry.npmjs.org/destr/-/destr-2.0.5.tgz. Extracting by manifest.
930 silly tarball no local data for safer-buffer@https://registry.npmjs.org/safer-buffer/-/safer-buffer-2.1.2.tgz. Extracting by manifest.
931 silly tarball no local data for retry@https://registry.npmjs.org/retry/-/retry-0.12.0.tgz. Extracting by manifest.
932 silly tarball no local data for is-property@https://registry.npmjs.org/is-property/-/is-property-1.0.2.tgz. Extracting by manifest.
933 silly tarball no local data for sqlstring@https://registry.npmjs.org/sqlstring/-/sqlstring-2.3.3.tgz. Extracting by manifest.
934 silly tarball no local data for seq-queue@https://registry.npmjs.org/seq-queue/-/seq-queue-0.0.5.tgz. Extracting by manifest.
935 silly tarball no local data for named-placeholders@https://registry.npmjs.org/named-placeholders/-/named-placeholders-1.1.6.tgz. Extracting by manifest.
936 silly tarball no local data for lru.min@https://registry.npmjs.org/lru.min/-/lru.min-1.1.4.tgz. Extracting by manifest.
937 silly tarball no local data for long@https://registry.npmjs.org/long/-/long-5.3.2.tgz. Extracting by manifest.
938 silly tarball no local data for iconv-lite@https://registry.npmjs.org/iconv-lite/-/iconv-lite-0.7.2.tgz. Extracting by manifest.
939 silly tarball no local data for generate-function@https://registry.npmjs.org/generate-function/-/generate-function-2.3.1.tgz. Extracting by manifest.
940 silly tarball no local data for denque@https://registry.npmjs.org/denque/-/denque-2.1.0.tgz. Extracting by manifest.
941 silly tarball no local data for aws-ssl-profiles@https://registry.npmjs.org/aws-ssl-profiles/-/aws-ssl-profiles-1.1.2.tgz. Extracting by manifest.
942 silly tarball no local data for signal-exit@https://registry.npmjs.org/signal-exit/-/signal-exit-4.1.0.tgz. Extracting by manifest.
943 silly tarball no local data for pure-rand@https://registry.npmjs.org/pure-rand/-/pure-rand-6.1.0.tgz. Extracting by manifest.
944 silly tarball no local data for fast-check@https://registry.npmjs.org/fast-check/-/fast-check-3.23.2.tgz. Extracting by manifest.
945 silly tarball no local data for readdirp@https://registry.npmjs.org/readdirp/-/readdirp-5.0.0.tgz. Extracting by manifest.
946 silly tarball no local data for @standard-schema/spec@https://registry.npmjs.org/@standard-schema/spec/-/spec-1.1.0.tgz. Extracting by manifest.
947 silly tarball no local data for rc9@https://registry.npmjs.org/rc9/-/rc9-3.0.1.tgz. Extracting by manifest.
948 silly tarball no local data for @kurkle/color@https://registry.npmjs.org/@kurkle/color/-/color-0.3.4.tgz. Extracting by manifest.
949 silly tarball no local data for pkg-types@https://registry.npmjs.org/pkg-types/-/pkg-types-2.3.1.tgz. Extracting by manifest.
950 silly tarball no local data for perfect-debounce@https://registry.npmjs.org/perfect-debounce/-/perfect-debounce-2.1.0.tgz. Extracting by manifest.
951 silly tarball no local data for ohash@https://registry.npmjs.org/ohash/-/ohash-2.0.11.tgz. Extracting by manifest.
952 silly tarball no local data for giget@https://registry.npmjs.org/giget/-/giget-3.2.0.tgz. Extracting by manifest.
953 silly tarball no local data for exsolve@https://registry.npmjs.org/exsolve/-/exsolve-1.0.8.tgz. Extracting by manifest.
954 silly tarball no local data for dotenv@https://registry.npmjs.org/dotenv/-/dotenv-17.4.2.tgz. Extracting by manifest.
955 silly tarball no local data for defu@https://registry.npmjs.org/defu/-/defu-6.1.7.tgz. Extracting by manifest.
956 silly tarball no local data for confbox@https://registry.npmjs.org/confbox/-/confbox-0.2.4.tgz. Extracting by manifest.
957 silly tarball no local data for chokidar@https://registry.npmjs.org/chokidar/-/chokidar-5.0.0.tgz. Extracting by manifest.
958 silly tarball no local data for @radix-ui/react-use-layout-effect@https://registry.npmjs.org/@radix-ui/react-use-layout-effect/-/react-use-layout-effect-1.1.1.tgz. Extracting by manifest.
959 silly tarball no local data for @radix-ui/react-use-effect-event@https://registry.npmjs.org/@radix-ui/react-use-effect-event/-/react-use-effect-event-0.0.2.tgz. Extracting by manifest.
960 silly tarball no local data for @radix-ui/react-compose-refs@https://registry.npmjs.org/@radix-ui/react-compose-refs/-/react-compose-refs-1.1.2.tgz. Extracting by manifest.
961 silly tarball no local data for @radix-ui/react-slot@https://registry.npmjs.org/@radix-ui/react-slot/-/react-slot-1.2.3.tgz. Extracting by manifest.
962 silly tarball no local data for @radix-ui/react-use-controllable-state@https://registry.npmjs.org/@radix-ui/react-use-controllable-state/-/react-use-controllable-state-1.2.2.tgz. Extracting by manifest.
963 silly tarball no local data for @radix-ui/primitive@https://registry.npmjs.org/@radix-ui/primitive/-/primitive-1.1.3.tgz. Extracting by manifest.
964 silly tarball no local data for chart.js@https://registry.npmjs.org/chart.js/-/chart.js-4.5.1.tgz. Extracting by manifest.
965 silly tarball no local data for @radix-ui/react-primitive@https://registry.npmjs.org/@radix-ui/react-primitive/-/react-primitive-2.1.3.tgz. Extracting by manifest.
966 silly tarball no local data for @radix-ui/react-toggle@https://registry.npmjs.org/@radix-ui/react-toggle/-/react-toggle-1.1.10.tgz. Extracting by manifest.
967 silly tarball no local data for env-paths@https://registry.npmjs.org/env-paths/-/env-paths-3.0.0.tgz. Extracting by manifest.
968 silly tarball no local data for better-result@https://registry.npmjs.org/better-result/-/better-result-2.9.2.tgz. Extracting by manifest.
969 silly tarball no local data for @prisma/fetch-engine@https://registry.npmjs.org/@prisma/fetch-engine/-/fetch-engine-7.8.0.tgz. Extracting by manifest.
970 silly tarball no local data for @prisma/debug@https://registry.npmjs.org/@prisma/debug/-/debug-7.8.0.tgz. Extracting by manifest.
971 silly tarball no local data for @prisma/engines-version@https://registry.npmjs.org/@prisma/engines-version/-/engines-version-7.8.0-6.3c6e192761c0362d496ed980de936e2f3cebcd3a.tgz. Extracting by manifest.
972 silly tarball no local data for zeptomatch@https://registry.npmjs.org/zeptomatch/-/zeptomatch-2.1.0.tgz. Extracting by manifest.
973 silly tarball no local data for valibot@https://registry.npmjs.org/valibot/-/valibot-1.2.0.tgz. Extracting by manifest.
974 silly tarball no local data for std-env@https://registry.npmjs.org/std-env/-/std-env-3.10.0.tgz. Extracting by manifest.
975 silly tarball no local data for remeda@https://registry.npmjs.org/remeda/-/remeda-2.33.4.tgz. Extracting by manifest.
976 silly tarball no local data for proper-lockfile@https://registry.npmjs.org/proper-lockfile/-/proper-lockfile-4.1.2.tgz. Extracting by manifest.
977 silly tarball no local data for pathe@https://registry.npmjs.org/pathe/-/pathe-2.0.3.tgz. Extracting by manifest.
978 silly tarball no local data for http-status-codes@https://registry.npmjs.org/http-status-codes/-/http-status-codes-2.3.0.tgz. Extracting by manifest.
979 silly tarball no local data for get-port-please@https://registry.npmjs.org/get-port-please/-/get-port-please-3.2.0.tgz. Extracting by manifest.
980 silly tarball no local data for foreground-child@https://registry.npmjs.org/foreground-child/-/foreground-child-3.3.1.tgz. Extracting by manifest.
981 silly tarball no local data for @prisma/streams-local@https://registry.npmjs.org/@prisma/streams-local/-/streams-local-0.1.2.tgz. Extracting by manifest.
982 silly tarball no local data for @prisma/query-plan-executor@https://registry.npmjs.org/@prisma/query-plan-executor/-/query-plan-executor-7.2.0.tgz. Extracting by manifest.
983 silly tarball no local data for hono@https://registry.npmjs.org/hono/-/hono-4.12.19.tgz. Extracting by manifest.
984 silly tarball no local data for @prisma/get-platform@https://registry.npmjs.org/@prisma/get-platform/-/get-platform-7.2.0.tgz. Extracting by manifest.
985 silly tarball no local data for @hono/node-server@https://registry.npmjs.org/@hono/node-server/-/node-server-1.19.11.tgz. Extracting by manifest.
986 silly tarball no local data for @electric-sql/pglite-tools@https://registry.npmjs.org/@electric-sql/pglite-tools/-/pglite-tools-0.3.1.tgz. Extracting by manifest.
987 silly tarball no local data for @electric-sql/pglite-socket@https://registry.npmjs.org/@electric-sql/pglite-socket/-/pglite-socket-0.1.1.tgz. Extracting by manifest.
988 silly tarball no local data for @electric-sql/pglite@https://registry.npmjs.org/@electric-sql/pglite/-/pglite-0.4.1.tgz. Extracting by manifest.
989 silly tarball no local data for effect@https://registry.npmjs.org/effect/-/effect-3.20.0.tgz. Extracting by manifest.
990 silly tarball no local data for empathic@https://registry.npmjs.org/empathic/-/empathic-2.0.0.tgz. Extracting by manifest.
991 silly tarball no local data for deepmerge-ts@https://registry.npmjs.org/deepmerge-ts/-/deepmerge-ts-7.1.5.tgz. Extracting by manifest.
992 silly tarball no local data for c12@https://registry.npmjs.org/c12/-/c12-3.3.4.tgz. Extracting by manifest.
993 silly tarball no local data for postgres@https://registry.npmjs.org/postgres/-/postgres-3.4.7.tgz. Extracting by manifest.
994 silly tarball no local data for mysql2@https://registry.npmjs.org/mysql2/-/mysql2-3.15.3.tgz. Extracting by manifest.
995 silly tarball no local data for @prisma/studio-core@https://registry.npmjs.org/@prisma/studio-core/-/studio-core-0.27.3.tgz. Extracting by manifest.
996 silly tarball no local data for @prisma/engines@https://registry.npmjs.org/@prisma/engines/-/engines-7.8.0.tgz. Extracting by manifest.
997 silly tarball no local data for @prisma/dev@https://registry.npmjs.org/@prisma/dev/-/dev-0.24.3.tgz. Extracting by manifest.
998 silly tarball no local data for pretty-format@https://registry.npmjs.org/pretty-format/-/pretty-format-3.8.0.tgz. Extracting by manifest.
999 silly tarball no local data for oidc-token-hash@https://registry.npmjs.org/oidc-token-hash/-/oidc-token-hash-5.2.0.tgz. Extracting by manifest.
1000 silly tarball no local data for object-hash@https://registry.npmjs.org/object-hash/-/object-hash-2.2.0.tgz. Extracting by manifest.
1001 silly tarball no local data for oauth4webapi@https://registry.npmjs.org/oauth4webapi/-/oauth4webapi-2.17.0.tgz. Extracting by manifest.
1002 silly tarball no local data for @types/cookie@https://registry.npmjs.org/@types/cookie/-/cookie-0.6.0.tgz. Extracting by manifest.
1003 silly tarball no local data for uuid@https://registry.npmjs.org/uuid/-/uuid-8.3.2.tgz. Extracting by manifest.
1004 silly tarball no local data for @prisma/config@https://registry.npmjs.org/@prisma/config/-/config-7.8.0.tgz. Extracting by manifest.
1005 silly tarball no local data for preact-render-to-string@https://registry.npmjs.org/preact-render-to-string/-/preact-render-to-string-5.2.6.tgz. Extracting by manifest.
1006 silly tarball no local data for openid-client@https://registry.npmjs.org/openid-client/-/openid-client-5.7.1.tgz. Extracting by manifest.
1007 silly tarball no local data for oauth@https://registry.npmjs.org/oauth/-/oauth-0.9.15.tgz. Extracting by manifest.
1008 silly tarball no local data for jose@https://registry.npmjs.org/jose/-/jose-4.15.9.tgz. Extracting by manifest.
1009 silly tarball no local data for cookie@https://registry.npmjs.org/cookie/-/cookie-0.7.2.tgz. Extracting by manifest.
1010 silly tarball no local data for @babel/runtime@https://registry.npmjs.org/@babel/runtime/-/runtime-7.29.2.tgz. Extracting by manifest.
1011 silly tarball no local data for @auth/core@https://registry.npmjs.org/@auth/core/-/core-0.34.3.tgz. Extracting by manifest.
1012 silly tarball no local data for @prisma/client-runtime-utils@https://registry.npmjs.org/@prisma/client-runtime-utils/-/client-runtime-utils-7.8.0.tgz. Extracting by manifest.
1013 silly tarball no local data for @panva/hkdf@https://registry.npmjs.org/@panva/hkdf/-/hkdf-1.2.1.tgz. Extracting by manifest.
1014 silly tarball no local data for prisma@https://registry.npmjs.org/prisma/-/prisma-7.8.0.tgz. Extracting by manifest.
1015 silly tarball no local data for preact@https://registry.npmjs.org/preact/-/preact-10.24.3.tgz. Extracting by manifest.
1016 silly tarball no local data for next-auth@https://registry.npmjs.org/next-auth/-/next-auth-4.24.14.tgz. Extracting by manifest.
1017 silly tarball no local data for @prisma/client@https://registry.npmjs.org/@prisma/client/-/client-7.8.0.tgz. Extracting by manifest.
1018 silly tarball no local data for bcryptjs@https://registry.npmjs.org/bcryptjs/-/bcryptjs-3.0.3.tgz. Extracting by manifest.
1019 silly tarball no local data for @auth/prisma-adapter@https://registry.npmjs.org/@auth/prisma-adapter/-/prisma-adapter-2.11.2.tgz. Extracting by manifest.
1020 silly tarball no local data for signal-exit@https://registry.npmjs.org/signal-exit/-/signal-exit-3.0.7.tgz. Extracting by manifest.
1021 silly tarball no local data for ajv@https://registry.npmjs.org/ajv/-/ajv-8.20.0.tgz. Extracting by manifest.
1022 silly tarball no local data for @prisma/get-platform@https://registry.npmjs.org/@prisma/get-platform/-/get-platform-7.8.0.tgz. Extracting by manifest.
1023 silly tarball no local data for json-schema-traverse@https://registry.npmjs.org/json-schema-traverse/-/json-schema-traverse-1.0.0.tgz. Extracting by manifest.
1024 silly tarball no local data for @prisma/debug@https://registry.npmjs.org/@prisma/debug/-/debug-7.2.0.tgz. Extracting by manifest.
1025 silly tarball no local data for @prisma/get-platform@https://registry.npmjs.org/@prisma/get-platform/-/get-platform-7.8.0.tgz. Extracting by manifest.
1026 silly tarball no local data for yallist@https://registry.npmjs.org/yallist/-/yallist-4.0.0.tgz. Extracting by manifest.
1027 silly tarball no local data for lru-cache@https://registry.npmjs.org/lru-cache/-/lru-cache-6.0.0.tgz. Extracting by manifest.
1028 silly tarball no local data for preact-render-to-string@https://registry.npmjs.org/preact-render-to-string/-/preact-render-to-string-5.2.3.tgz. Extracting by manifest.
1029 silly tarball no local data for cookie@https://registry.npmjs.org/cookie/-/cookie-0.6.0.tgz. Extracting by manifest.
1030 silly tarball no local data for preact@https://registry.npmjs.org/preact/-/preact-10.11.3.tgz. Extracting by manifest.
1031 silly tarball no local data for jose@https://registry.npmjs.org/jose/-/jose-5.10.0.tgz. Extracting by manifest.
1032 silly tarball no local data for preact-render-to-string@https://registry.npmjs.org/preact-render-to-string/-/preact-render-to-string-6.5.11.tgz. Extracting by manifest.
1033 silly tarball no local data for oauth4webapi@https://registry.npmjs.org/oauth4webapi/-/oauth4webapi-3.8.6.tgz. Extracting by manifest.
1034 silly tarball no local data for jose@https://registry.npmjs.org/jose/-/jose-6.2.3.tgz. Extracting by manifest.
1035 silly tarball no local data for @auth/core@https://registry.npmjs.org/@auth/core/-/core-0.41.2.tgz. Extracting by manifest.
1036 http fetch POST 200 https://registry.npmjs.org/-/npm/v1/security/advisories/bulk 550ms
1037 silly audit report {
1037 silly audit report   postcss: [
1037 silly audit report     {
1037 silly audit report       id: 1117015,
1037 silly audit report       url: 'https://github.com/advisories/GHSA-qx2v-qp2m-jg93',
1037 silly audit report       title: 'PostCSS has XSS via Unescaped </style> in its CSS Stringify Output',
1037 silly audit report       severity: 'moderate',
1037 silly audit report       vulnerable_versions: '<8.5.10',
1037 silly audit report       cwe: [Array],
1037 silly audit report       cvss: [Object]
1037 silly audit report     }
1037 silly audit report   ],
1037 silly audit report   cookie: [
1037 silly audit report     {
1037 silly audit report       id: 1103907,
1037 silly audit report       url: 'https://github.com/advisories/GHSA-pxg6-pf52-xh8x',
1037 silly audit report       title: 'cookie accepts cookie name, path, and domain with out of bounds characters',
1037 silly audit report       severity: 'low',
1037 silly audit report       vulnerable_versions: '<0.7.0',
1037 silly audit report       cwe: [Array],
1037 silly audit report       cvss: [Object]
1037 silly audit report     }
1037 silly audit report   ],
1037 silly audit report   '@hono/node-server': [
1037 silly audit report     {
1037 silly audit report       id: 1116281,
1037 silly audit report       url: 'https://github.com/advisories/GHSA-92pp-h63x-v22m',
1037 silly audit report       title: '@hono/node-server: Middleware bypass via repeated slashes in serveStatic',
1037 silly audit report       severity: 'moderate',
1037 silly audit report       vulnerable_versions: '<1.19.13',
1037 silly audit report       cwe: [Array],
1037 silly audit report       cvss: [Object]
1037 silly audit report     }
1037 silly audit report   ]
1037 silly audit report }
1038 silly packumentCache corgi:https://registry.npmjs.org/postcss cache-miss
1039 silly packumentCache corgi:https://registry.npmjs.org/cookie cache-miss
1040 silly packumentCache corgi:https://registry.npmjs.org/@hono%2fnode-server cache-miss
1041 http fetch GET 200 https://registry.npmjs.org/generate-function/-/generate-function-2.3.1.tgz 405ms (cache miss)
1042 http fetch GET 200 https://registry.npmjs.org/denque/-/denque-2.1.0.tgz 1474ms (cache miss)
1043 http fetch GET 200 https://registry.npmjs.org/require-from-string/-/require-from-string-2.0.2.tgz 1523ms (cache miss)
1044 http fetch GET 200 https://registry.npmjs.org/named-placeholders/-/named-placeholders-1.1.6.tgz 1558ms (cache miss)
1045 http fetch GET 200 https://registry.npmjs.org/is-property/-/is-property-1.0.2.tgz 1890ms (cache miss)
1046 http fetch GET 200 https://registry.npmjs.org/defu/-/defu-6.1.7.tgz 1938ms (cache miss)
1047 http fetch GET 200 https://registry.npmjs.org/perfect-debounce/-/perfect-debounce-2.1.0.tgz 2217ms (cache miss)
1048 http fetch GET 200 https://registry.npmjs.org/readdirp/-/readdirp-5.0.0.tgz 2849ms (cache miss)
1049 http fetch GET 200 https://registry.npmjs.org/@radix-ui/primitive/-/primitive-1.1.3.tgz 3035ms (cache miss)
1050 http fetch GET 200 https://registry.npmjs.org/env-paths/-/env-paths-3.0.0.tgz 3260ms (cache miss)
1051 http fetch GET 200 https://registry.npmjs.org/graphmatch/-/graphmatch-1.1.1.tgz 3434ms (cache miss)
1052 http fetch GET 200 https://registry.npmjs.org/lru.min/-/lru.min-1.1.4.tgz 3400ms (cache miss)
1053 http fetch GET 200 https://registry.npmjs.org/destr/-/destr-2.0.5.tgz 3579ms (cache miss)
1054 http fetch GET 200 https://registry.npmjs.org/rc9/-/rc9-3.0.1.tgz 3548ms (cache miss)
1055 http fetch GET 200 https://registry.npmjs.org/@standard-schema/spec/-/spec-1.1.0.tgz 3639ms (cache miss)
1056 http fetch GET 200 https://registry.npmjs.org/grammex/-/grammex-3.1.12.tgz 3797ms (cache miss)
1057 http fetch GET 200 https://registry.npmjs.org/zeptomatch/-/zeptomatch-2.1.0.tgz 3765ms (cache miss)
1058 http fetch GET 200 https://registry.npmjs.org/sqlstring/-/sqlstring-2.3.3.tgz 3889ms (cache miss)
1059 http fetch GET 200 https://registry.npmjs.org/seq-queue/-/seq-queue-0.0.5.tgz 4176ms (cache miss)
1060 http fetch GET 200 https://registry.npmjs.org/exsolve/-/exsolve-1.0.8.tgz 4161ms (cache miss)
1061 http fetch GET 200 https://registry.npmjs.org/pkg-types/-/pkg-types-2.3.1.tgz 4297ms (cache miss)
1062 http fetch GET 200 https://registry.npmjs.org/safer-buffer/-/safer-buffer-2.1.2.tgz 4376ms (cache miss)
1063 http fetch GET 200 https://registry.npmjs.org/@radix-ui/react-use-layout-effect/-/react-use-layout-effect-1.1.1.tgz 4373ms (cache miss)
1064 http fetch GET 200 https://registry.npmjs.org/@prisma/engines-version/-/engines-version-7.8.0-6.3c6e192761c0362d496ed980de936e2f3cebcd3a.tgz 4591ms (cache miss)
1065 http fetch GET 200 https://registry.npmjs.org/empathic/-/empathic-2.0.0.tgz 4576ms (cache miss)
1066 http fetch GET 200 https://registry.npmjs.org/@radix-ui/react-compose-refs/-/react-compose-refs-1.1.2.tgz 4638ms (cache miss)
1067 http fetch GET 200 https://registry.npmjs.org/@radix-ui/react-slot/-/react-slot-1.2.3.tgz 4715ms (cache miss)
1068 http fetch GET 200 https://registry.npmjs.org/long/-/long-5.3.2.tgz 4811ms (cache miss)
1069 http fetch GET 200 https://registry.npmjs.org/std-env/-/std-env-3.10.0.tgz 4829ms (cache miss)
1070 http fetch GET 200 https://registry.npmjs.org/aws-ssl-profiles/-/aws-ssl-profiles-1.1.2.tgz 4867ms (cache miss)
1071 http fetch GET 200 https://registry.npmjs.org/proper-lockfile/-/proper-lockfile-4.1.2.tgz 4890ms (cache miss)
1072 http fetch GET 200 https://registry.npmjs.org/@radix-ui/react-primitive/-/react-primitive-2.1.3.tgz 5005ms (cache miss)
1073 http fetch GET 200 https://registry.npmjs.org/@radix-ui/react-toggle/-/react-toggle-1.1.10.tgz 5111ms (cache miss)
1074 http fetch GET 200 https://registry.npmjs.org/@radix-ui/react-use-controllable-state/-/react-use-controllable-state-1.2.2.tgz 5172ms (cache miss)
1075 http fetch GET 200 https://registry.npmjs.org/get-port-please/-/get-port-please-3.2.0.tgz 5162ms (cache miss)
1076 http fetch GET 200 https://registry.npmjs.org/chokidar/-/chokidar-5.0.0.tgz 5182ms (cache miss)
1077 http fetch GET 200 https://registry.npmjs.org/@kurkle/color/-/color-0.3.4.tgz 5284ms (cache miss)
1078 http fetch GET 200 https://registry.npmjs.org/@radix-ui/react-use-effect-event/-/react-use-effect-event-0.0.2.tgz 5406ms (cache miss)
1079 http fetch GET 200 https://registry.npmjs.org/retry/-/retry-0.12.0.tgz 5481ms (cache miss)
1080 http fetch GET 200 https://registry.npmjs.org/better-result/-/better-result-2.9.2.tgz 5498ms (cache miss)
1081 http fetch GET 200 https://registry.npmjs.org/@prisma/debug/-/debug-7.8.0.tgz 5663ms (cache miss)
1082 http fetch GET 200 https://registry.npmjs.org/ohash/-/ohash-2.0.11.tgz 5681ms (cache miss)
1083 http fetch GET 200 https://registry.npmjs.org/c12/-/c12-3.3.4.tgz 5715ms (cache miss)
1084 http fetch GET 200 https://registry.npmjs.org/pathe/-/pathe-2.0.3.tgz 5966ms (cache miss)
1085 http fetch GET 200 https://registry.npmjs.org/dotenv/-/dotenv-17.4.2.tgz 6250ms (cache miss)
1086 http fetch GET 200 https://registry.npmjs.org/giget/-/giget-3.2.0.tgz 6297ms (cache miss)
1087 http fetch GET 200 https://registry.npmjs.org/deepmerge-ts/-/deepmerge-ts-7.1.5.tgz 6432ms (cache miss)
1088 http fetch GET 200 https://registry.npmjs.org/pretty-format/-/pretty-format-3.8.0.tgz 6826ms (cache miss)
1089 http fetch GET 200 https://registry.npmjs.org/signal-exit/-/signal-exit-4.1.0.tgz 7088ms (cache miss)
1090 http fetch GET 200 https://registry.npmjs.org/oidc-token-hash/-/oidc-token-hash-5.2.0.tgz 7137ms (cache miss)
1091 http fetch GET 200 https://registry.npmjs.org/@prisma/engines/-/engines-7.8.0.tgz 7171ms (cache miss)
1092 http fetch GET 200 https://registry.npmjs.org/confbox/-/confbox-0.2.4.tgz 7375ms (cache miss)
1093 http fetch GET 200 https://registry.npmjs.org/object-hash/-/object-hash-2.2.0.tgz 7584ms (cache miss)
1094 http fetch GET 200 https://registry.npmjs.org/fast-uri/-/fast-uri-3.1.2.tgz 8099ms (cache miss)
1095 http fetch GET 200 https://registry.npmjs.org/@types/cookie/-/cookie-0.6.0.tgz 8039ms (cache miss)
1096 http fetch GET 200 https://registry.npmjs.org/http-status-codes/-/http-status-codes-2.3.0.tgz 8219ms (cache miss)
1097 http fetch GET 200 https://registry.npmjs.org/@prisma/config/-/config-7.8.0.tgz 8707ms (cache miss)
1098 http fetch GET 200 https://registry.npmjs.org/oauth4webapi/-/oauth4webapi-2.17.0.tgz 8898ms (cache miss)
1099 http fetch GET 200 https://registry.npmjs.org/cookie/-/cookie-0.7.2.tgz 8894ms (cache miss)
1100 http fetch GET 200 https://registry.npmjs.org/@electric-sql/pglite-socket/-/pglite-socket-0.1.1.tgz 9105ms (cache miss)
1101 http fetch GET 200 https://registry.npmjs.org/foreground-child/-/foreground-child-3.3.1.tgz 9124ms (cache miss)
1102 http fetch GET 200 https://registry.npmjs.org/@prisma/streams-local/-/streams-local-0.1.2.tgz 9437ms (cache miss)
1103 http fetch GET 200 https://registry.npmjs.org/iconv-lite/-/iconv-lite-0.7.2.tgz 9628ms (cache miss)
1104 http fetch GET 200 https://registry.npmjs.org/valibot/-/valibot-1.2.0.tgz 9827ms (cache miss)
1105 http fetch GET 200 https://registry.npmjs.org/postgres/-/postgres-3.4.7.tgz 10257ms (cache miss)
1106 http fetch GET 200 https://registry.npmjs.org/@auth/prisma-adapter/-/prisma-adapter-2.11.2.tgz 10931ms (cache miss)
1107 http fetch GET 200 https://registry.npmjs.org/signal-exit/-/signal-exit-3.0.7.tgz 11130ms (cache miss)
1108 http fetch GET 200 https://registry.npmjs.org/bcryptjs/-/bcryptjs-3.0.3.tgz 11141ms (cache miss)
1109 http fetch GET 200 https://registry.npmjs.org/oauth/-/oauth-0.9.15.tgz 11584ms (cache miss)
1110 http fetch GET 200 https://registry.npmjs.org/@hono/node-server/-/node-server-1.19.11.tgz 11627ms (cache miss)
1111 http fetch GET 200 https://registry.npmjs.org/@panva/hkdf/-/hkdf-1.2.1.tgz 11701ms (cache miss)
1112 http fetch GET 200 https://registry.npmjs.org/@prisma/fetch-engine/-/fetch-engine-7.8.0.tgz 11811ms (cache miss)
1113 http fetch GET 200 https://registry.npmjs.org/@electric-sql/pglite-tools/-/pglite-tools-0.3.1.tgz 11880ms (cache miss)
1114 http fetch GET 200 https://registry.npmjs.org/json-schema-traverse/-/json-schema-traverse-1.0.0.tgz 11912ms (cache miss)
1115 http fetch GET 200 https://registry.npmjs.org/openid-client/-/openid-client-5.7.1.tgz 11961ms (cache miss)
1116 http fetch GET 200 https://registry.npmjs.org/@prisma/get-platform/-/get-platform-7.2.0.tgz 12082ms (cache miss)
1117 http fetch GET 200 https://registry.npmjs.org/preact-render-to-string/-/preact-render-to-string-5.2.6.tgz 12495ms (cache miss)
1118 http fetch GET 200 https://registry.npmjs.org/@prisma/client-runtime-utils/-/client-runtime-utils-7.8.0.tgz 12809ms (cache miss)
1119 http fetch GET 200 https://registry.npmjs.org/@prisma/debug/-/debug-7.2.0.tgz 13113ms (cache miss)
1120 http fetch GET 200 https://registry.npmjs.org/lru-cache/-/lru-cache-6.0.0.tgz 13365ms (cache miss)
1121 http fetch GET 200 https://registry.npmjs.org/yallist/-/yallist-4.0.0.tgz 13453ms (cache miss)
1122 http fetch GET 200 https://registry.npmjs.org/cookie/-/cookie-0.6.0.tgz 13555ms (cache miss)
1123 http fetch GET 200 https://registry.npmjs.org/pure-rand/-/pure-rand-6.1.0.tgz 13883ms (cache miss)
1124 http fetch GET 200 https://registry.npmjs.org/oauth4webapi/-/oauth4webapi-3.8.6.tgz 14760ms (cache miss)
1125 http fetch GET 200 https://registry.npmjs.org/@prisma/query-plan-executor/-/query-plan-executor-7.2.0.tgz 14855ms (cache miss)
1126 http fetch GET 200 https://registry.npmjs.org/uuid/-/uuid-8.3.2.tgz 15205ms (cache miss)
1127 warn deprecated uuid@8.3.2: uuid@10 and below is no longer supported.  For ESM codebases, update to uuid@latest.  For CommonJS codebases, use uuid@11 (but be aware this version will likely be deprecated in 2028).
1128 http fetch GET 200 https://registry.npmjs.org/cookie 15557ms (cache miss)
1129 silly packumentCache corgi:https://registry.npmjs.org/cookie set size:undefined disposed:false
1130 http fetch GET 200 https://registry.npmjs.org/postcss 15881ms (cache miss)
1131 silly packumentCache corgi:https://registry.npmjs.org/postcss set size:undefined disposed:false
1132 http fetch GET 200 https://registry.npmjs.org/@hono%2fnode-server 16064ms (cache miss)
1133 silly packumentCache corgi:https://registry.npmjs.org/@hono%2fnode-server set size:undefined disposed:false
1134 silly packumentCache corgi:https://registry.npmjs.org/next cache-miss
1135 http fetch GET 200 https://registry.npmjs.org/preact-render-to-string/-/preact-render-to-string-5.2.3.tgz 16999ms (cache miss)
1136 http fetch GET 200 https://registry.npmjs.org/@prisma/get-platform/-/get-platform-7.8.0.tgz 17252ms (cache miss)
1137 http fetch GET 200 https://registry.npmjs.org/@prisma/get-platform/-/get-platform-7.8.0.tgz 17870ms (cache miss)
1138 http fetch GET 200 https://registry.npmjs.org/mysql2/-/mysql2-3.15.3.tgz 19969ms (cache miss)
1139 http fetch GET 200 https://registry.npmjs.org/preact-render-to-string/-/preact-render-to-string-6.5.11.tgz 20395ms (cache miss)
1140 http fetch GET 200 https://registry.npmjs.org/preact/-/preact-10.24.3.tgz 23761ms (cache miss)
1141 http fetch GET 200 https://registry.npmjs.org/jose/-/jose-6.2.3.tgz 24453ms (cache miss)
1142 http fetch GET 200 https://registry.npmjs.org/chart.js/-/chart.js-4.5.1.tgz 25329ms (cache miss)
1143 http fetch GET 200 https://registry.npmjs.org/preact/-/preact-10.11.3.tgz 25728ms (cache miss)
1144 http fetch GET 200 https://registry.npmjs.org/@babel/runtime/-/runtime-7.29.2.tgz 28598ms (cache miss)
1145 http fetch GET 200 https://registry.npmjs.org/jose/-/jose-4.15.9.tgz 33224ms (cache miss)
1146 http fetch GET 200 https://registry.npmjs.org/jose/-/jose-5.10.0.tgz 35508ms (cache miss)
1147 http fetch GET 200 https://registry.npmjs.org/next-auth/-/next-auth-4.24.14.tgz 39818ms (cache miss)
1148 http fetch GET 200 https://registry.npmjs.org/ajv/-/ajv-8.20.0.tgz 39904ms (cache miss)
1149 http fetch GET 200 https://registry.npmjs.org/@prisma/dev/-/dev-0.24.3.tgz 40038ms (cache miss)
1150 http fetch GET 200 https://registry.npmjs.org/next 24049ms (cache miss)
1151 silly packumentCache corgi:https://registry.npmjs.org/next set size:undefined disposed:false
1152 silly packumentCache corgi:https://registry.npmjs.org/@auth%2fcore cache-miss
1153 http fetch GET 200 https://registry.npmjs.org/@auth/core/-/core-0.34.3.tgz 43070ms (cache miss)
1154 http fetch GET 200 https://registry.npmjs.org/@auth%2fcore 1572ms (cache miss)
1155 silly packumentCache corgi:https://registry.npmjs.org/@auth%2fcore set size:undefined disposed:false
1156 silly packumentCache corgi:https://registry.npmjs.org/@prisma%2fdev cache-miss
1157 http fetch GET 200 https://registry.npmjs.org/@prisma%2fdev 2094ms (cache miss)
1158 silly packumentCache corgi:https://registry.npmjs.org/@prisma%2fdev set size:undefined disposed:false
1159 http fetch GET 200 https://registry.npmjs.org/hono/-/hono-4.12.19.tgz 46773ms (cache miss)
1160 silly packumentCache corgi:https://registry.npmjs.org/next-auth cache-miss
1161 http fetch GET 200 https://registry.npmjs.org/@auth/core/-/core-0.41.2.tgz 47411ms (cache miss)
1162 http fetch GET 200 https://registry.npmjs.org/remeda/-/remeda-2.33.4.tgz 47784ms (cache miss)
1163 http fetch GET 200 https://registry.npmjs.org/fast-check/-/fast-check-3.23.2.tgz 51567ms (cache miss)
1164 http fetch GET 200 https://registry.npmjs.org/next-auth 5864ms (cache miss)
1165 silly packumentCache corgi:https://registry.npmjs.org/next-auth set size:undefined disposed:false
1166 silly packumentCache corgi:https://registry.npmjs.org/prisma cache-miss
1167 http fetch GET 200 https://registry.npmjs.org/@electric-sql/pglite/-/pglite-0.4.1.tgz 54264ms (cache miss)
1168 http fetch GET 200 https://registry.npmjs.org/@prisma/studio-core/-/studio-core-0.27.3.tgz 54476ms (cache miss)
1169 http fetch GET 200 https://registry.npmjs.org/prisma/-/prisma-7.8.0.tgz 60306ms (cache miss)
1170 http fetch GET 200 https://registry.npmjs.org/effect/-/effect-3.20.0.tgz 64116ms (cache miss)
1171 http fetch GET 200 https://registry.npmjs.org/prisma 17070ms (cache miss)
1172 silly packumentCache corgi:https://registry.npmjs.org/prisma set size:undefined disposed:false
1173 silly packumentCache corgi:https://registry.npmjs.org/@prisma%2fclient cache-miss
1174 http fetch GET 200 https://registry.npmjs.org/@prisma/client/-/client-7.8.0.tgz 75135ms (cache miss)
1175 info run prisma@7.8.0 preinstall node_modules/prisma node scripts/preinstall-entry.js
1176 info run prisma@7.8.0 preinstall { code: 0, signal: null }
1177 info run @prisma/engines@7.8.0 postinstall node_modules/@prisma/engines node scripts/postinstall.js
1178 http fetch GET 200 https://registry.npmjs.org/@prisma%2fclient 7398ms (cache miss)
1179 silly packumentCache corgi:https://registry.npmjs.org/@prisma%2fclient set size:undefined disposed:false
1180 info run @prisma/engines@7.8.0 postinstall { code: 0, signal: null }
1181 silly ADD node_modules/require-from-string
1182 silly ADD node_modules/fast-uri
1183 silly ADD node_modules/graphmatch
1184 silly ADD node_modules/grammex
1185 silly ADD node_modules/destr
1186 silly ADD node_modules/retry
1187 silly ADD node_modules/safer-buffer
1188 silly ADD node_modules/is-property
1189 silly ADD node_modules/sqlstring
1190 silly ADD node_modules/seq-queue
1191 silly ADD node_modules/named-placeholders
1192 silly ADD node_modules/lru.min
1193 silly ADD node_modules/long
1194 silly ADD node_modules/iconv-lite
1195 silly ADD node_modules/generate-function
1196 silly ADD node_modules/denque
1197 silly ADD node_modules/aws-ssl-profiles
1198 silly ADD node_modules/signal-exit
1199 silly ADD node_modules/pure-rand
1200 silly ADD node_modules/fast-check
1201 silly ADD node_modules/@standard-schema/spec
1202 silly ADD node_modules/readdirp
1203 silly ADD node_modules/@kurkle/color
1204 silly ADD node_modules/rc9
1205 silly ADD node_modules/pkg-types
1206 silly ADD node_modules/perfect-debounce
1207 silly ADD node_modules/ohash
1208 silly ADD node_modules/giget
1209 silly ADD node_modules/exsolve
1210 silly ADD node_modules/dotenv
1211 silly ADD node_modules/defu
1212 silly ADD node_modules/confbox
1213 silly ADD node_modules/chokidar
1214 silly ADD node_modules/@radix-ui/react-use-layout-effect
1215 silly ADD node_modules/@radix-ui/react-use-effect-event
1216 silly ADD node_modules/@radix-ui/react-compose-refs
1217 silly ADD node_modules/@radix-ui/react-slot
1218 silly ADD node_modules/@radix-ui/react-use-controllable-state
1219 silly ADD node_modules/@radix-ui/react-primitive
1220 silly ADD node_modules/@radix-ui/primitive
1221 silly ADD node_modules/chart.js
1222 silly ADD node_modules/@radix-ui/react-toggle
1223 silly ADD node_modules/env-paths
1224 silly ADD node_modules/better-result
1225 silly ADD node_modules/@prisma/fetch-engine
1226 silly ADD node_modules/@prisma/fetch-engine/node_modules/@prisma/get-platform
1227 silly ADD node_modules/@prisma/engines-version
1228 silly ADD node_modules/@prisma/debug
1229 silly ADD node_modules/zeptomatch
1230 silly ADD node_modules/valibot
1231 silly ADD node_modules/std-env
1232 silly ADD node_modules/remeda
1233 silly ADD node_modules/proper-lockfile
1234 silly ADD node_modules/proper-lockfile/node_modules/signal-exit
1235 silly ADD node_modules/pathe
1236 silly ADD node_modules/http-status-codes
1237 silly ADD node_modules/get-port-please
1238 silly ADD node_modules/foreground-child
1239 silly ADD node_modules/@prisma/streams-local
1240 silly ADD node_modules/@prisma/streams-local/node_modules/json-schema-traverse
1241 silly ADD node_modules/@prisma/streams-local/node_modules/ajv
1242 silly ADD node_modules/@prisma/query-plan-executor
1243 silly ADD node_modules/@prisma/get-platform
1244 silly ADD node_modules/@prisma/get-platform/node_modules/@prisma/debug
1245 silly ADD node_modules/hono
1246 silly ADD node_modules/@hono/node-server
1247 silly ADD node_modules/@electric-sql/pglite-tools
1248 silly ADD node_modules/@electric-sql/pglite-socket
1249 silly ADD node_modules/@electric-sql/pglite
1250 silly ADD node_modules/empathic
1251 silly ADD node_modules/effect
1252 silly ADD node_modules/deepmerge-ts
1253 silly ADD node_modules/c12
1254 silly ADD node_modules/postgres
1255 silly ADD node_modules/mysql2
1256 silly ADD node_modules/@prisma/studio-core
1257 silly ADD node_modules/@prisma/engines
1258 silly ADD node_modules/@prisma/engines/node_modules/@prisma/get-platform
1259 silly ADD node_modules/@prisma/dev
1260 silly ADD node_modules/@prisma/config
1261 silly ADD node_modules/pretty-format
1262 silly ADD node_modules/oidc-token-hash
1263 silly ADD node_modules/object-hash
1264 silly ADD node_modules/oauth4webapi
1265 silly ADD node_modules/@types/cookie
1266 silly ADD node_modules/uuid
1267 silly ADD node_modules/preact-render-to-string
1268 silly ADD node_modules/openid-client
1269 silly ADD node_modules/openid-client/node_modules/yallist
1270 silly ADD node_modules/openid-client/node_modules/lru-cache
1271 silly ADD node_modules/oauth
1272 silly ADD node_modules/jose
1273 silly ADD node_modules/cookie
1274 silly ADD node_modules/@babel/runtime
1275 silly ADD node_modules/@auth/core
1276 silly ADD node_modules/@auth/core/node_modules/preact-render-to-string
1277 silly ADD node_modules/@auth/core/node_modules/preact
1278 silly ADD node_modules/@auth/core/node_modules/jose
1279 silly ADD node_modules/@auth/core/node_modules/cookie
1280 silly ADD node_modules/@prisma/client-runtime-utils
1281 silly ADD node_modules/preact
1282 silly ADD node_modules/@panva/hkdf
1283 silly ADD node_modules/prisma
1284 silly ADD node_modules/next-auth
1285 silly ADD node_modules/bcryptjs
1286 silly ADD node_modules/@prisma/client
1287 silly ADD node_modules/@auth/prisma-adapter
1288 silly ADD node_modules/@auth/prisma-adapter/node_modules/preact-render-to-string
1289 silly ADD node_modules/@auth/prisma-adapter/node_modules/oauth4webapi
1290 silly ADD node_modules/@auth/prisma-adapter/node_modules/jose
1291 silly ADD node_modules/@auth/prisma-adapter/node_modules/@auth/core
1292 silly ADD
1293 silly ADD
1294 silly ADD
1295 silly ADD
1296 silly ADD
1297 silly ADD
1298 silly ADD
1299 silly ADD
1300 silly ADD
1301 silly ADD
1302 silly ADD
1303 silly ADD
1304 silly ADD
1305 silly ADD
1306 silly ADD
1307 silly ADD
1308 silly ADD
1309 silly ADD
1310 silly ADD
1311 silly ADD
1312 silly ADD
1313 silly ADD
1314 silly ADD
1315 silly ADD
1316 silly ADD
1317 silly ADD
1318 silly ADD
1319 silly ADD
1320 silly ADD
1321 silly ADD
1322 silly ADD
1323 silly ADD
1324 silly ADD
1325 silly ADD
1326 silly ADD
1327 silly ADD
1328 silly ADD
1329 silly ADD
1330 silly ADD
1331 silly ADD
1332 silly ADD
1333 silly ADD
1334 silly ADD
1335 silly ADD
1336 silly ADD
1337 silly ADD
1338 silly ADD
1339 silly ADD
1340 silly ADD
1341 silly ADD
1342 silly ADD
1343 silly ADD
1344 silly ADD
1345 silly ADD
1346 silly ADD
1347 silly ADD
1348 silly ADD
1349 silly ADD
1350 silly ADD
1351 silly ADD
1352 silly ADD
1353 silly ADD
1354 silly ADD
1355 silly ADD
1356 silly ADD
1357 silly ADD
1358 silly ADD
1359 silly ADD
1360 silly ADD
1361 verbose cwd C:\Users\CASH\projects\soko
1362 verbose os Windows_NT 10.0.26200
1363 verbose node v22.18.0
1364 verbose npm  v10.9.3
1365 notice
1365 notice New [31mmajor[39m version of npm available! [31m10.9.3[39m -> [34m11.14.1[39m
1365 notice Changelog: [34mhttps://github.com/npm/cli/releases/tag/v11.14.1[39m
1365 notice To update run: [4mnpm install -g npm@11.14.1[24m
1365 notice  { force: true, [Symbol(proc-log.meta)]: true }
1366 verbose exit 0
1367 info ok
